SubsetSppID,AOU,CommonName,Route Expected,MeanN,logN,MeanLogN,AbundClass,Mass(g),logMass,66-04Trend,TrConf,NumRoutes2002,Brange_Area_km2,log_Brange_Area,Mean_Rel_Im,new_Im,Num_routes,migclass,migclass1,BiomeH,BiomeH_noMex,NumBiomes,OMI,Tol,1yr Prop,5yr Prop,10yr Prop,Foraging,Trophic Group,,,
1,2881,Gray Partridge,168,2.1330246914,0.3289958828,0.2547416183,Low,398,2.5998830721,0.1,Y,55,2759873.63267339,6.4408891973,0.25361,0.25028,45,resid,resid,1.6034209688,1.6034209688,15,3.6207466273,0.4167701981,0.119,0.244,0.304,ground glean,granivore,,0.74639,0.74972
2,2882,Chukar,52,3.4657084785,0.5397920288,0.2785965485,Low,619,2.791690649,0.4,R,28,970397.74064503,5.9869497767,0.30156,0.25264,22,resid,resid,1.9449559463,1.9449559463,16,9.7913598507,0.9088598644,0.058,0.173,0.212,ground glean,granivore,,0.69844,0.74736
3,2890,Northern Bobwhite,406,14.883584979,1.1727075514,0.8416761149,High,178,2.2504200023,-3,Y,828,4555640.39754471,6.6585494354,0.4908,0.47241,676,resid,resid,2.2145143333,1.850280247,22,2.8869763748,0.7028063554,0.648,0.791,0.869,ground glean,herbivore,,0.5092,0.52759
4,2920,Mountain Quail,36,6.6629077615,0.8236638011,0.5898442622,Med,233,2.367355921,0.8,Y,54,345649.688939315,5.5386361704,0.46257,0.46172,44,resid,resid,2.3232885727,2.3232885727,16,8.1278884966,0.5448375064,0.25,0.444,0.444,ground glean,granivore,,0.53743,0.53828
5,2930,Scaled Quail,31,7.6402187902,0.8831057955,0.6144803387,Med,191,2.2810333672,-1.2,B,73,1415876.88075,6.1510254904,0.45806,0.44998,64,resid,resid,1.9979428242,1.9454354062,21,9.4884211915,0.2896821634,0.677,0.806,0.839,ground glean,granivore,,0.54194,0.55002
6,2940,California Quail,86,10.278666028,1.0119367553,0.6299850162,High,176,2.2455126678,1.2,B,163,1269589.87552697,6.1036634504,0.49305,0.47175,127,resid,resid,2.5879586562,2.5413340474,21,3.2862227619,0.5961215953,0.5,0.64,0.721,ground glean,granivore,,0.50695,0.52825
7,2950,Gambel's Quail,25,23.66203563,1.374052104,0.9896226145,High,170,2.2304489214,-0.1,B,54,544155.544438625,5.7357230586,0.47947,0.43802,48,resid,resid,2.1968191724,2.0412588031,16,12.218310109,0.4298454983,0.8,0.84,0.84,ground glean,granivore,,0.52053,0.56198
9,2970,Blue Grouse,85,2.1407716371,0.3305703422,0.1432828127,Low,1188,3.0748164406,-2.5,Y,44,2095889.55494286,6.3213683933,0.50549,0.49351,16,resid,resid,2.4214867536,2.4214867536,21,7.8795386161,1.1973307581,0.059,0.129,0.247,ground glean,herbivore,,0.49451,0.50649
10,2980,Spruce Grouse,107,1.2575757576,0.0995341568,0.0180617997,Low,466.75,2.6690843266,,,4,7552345.14782941,6.8780818293,0.01471,0.11268,1,resid,resid,1.5148069049,1.5148069049,20,4.6544424499,0.5328650244,0.009,0.019,0.065,ground glean,herbivore,,0.98529,0.88732
11,3000,Ruffed Grouse,375,1.8081836433,0.2572425363,0.1467725914,Low,621,2.7930916002,-2.4,Y,136,7998834.40163064,6.9030267058,0.50719,0.51423,42,resid,resid,1.9038147905,1.9038147905,25,2.3955795911,0.5017105225,0.077,0.229,0.403,ground glean,omnivore,,0.49281,0.48577
12,3010,Willow Ptarmigan,33,6.5875763126,0.8187256593,0.3579475601,Med,601,2.778874472,,,9,6413898.82906986,6.8071221052,0.34183,0.38075,6,resid,resid,1.7112224388,1.7112224388,13,10.464681791,0.281504651,0.061,0.152,0.182,ground glean,herbivore,,0.65817,0.61925
13,3020,Rock Ptarmigan,20,3.3416666667,0.5239631266,0.1385662237,Low,422,2.625312451,,,1,4605717.8168039,6.6632973261,,0,,short,migrant,1.562906537,1.562906537,13,15.531818789,0.7838910526,0,0,0,ground glean,herbivore,,1,1
14,3040,White-tailed Ptarmigan,40,,,,,344.5,2.5371892262,,,,1628437.12988528,6.2117709961,,,,resid,resid,2.0559682641,2.0559682641,18,,,0,0,0,ground glean,herbivore,,1,1
15,3050,Greater Prairie-Chicken,19,7.266713352,0.861338029,0.5325486994,Low,892,2.9503648544,-6.1,Y,17,414947.13531439,5.6179927707,0.17311,0.19817,11,resid,resid,0.2841748071,0.2841748071,3,1.5275396961,0.1120684155,0.105,0.158,0.263,ground glean,granivore,,0.82689,0.80183
16,3070,Lesser Prairie-Chicken,12,3.2111111111,0.5066553333,0.3987707202,Low,756.25,2.8786653877,,,3,82032.336128392,4.9139850796,0.02174,0.10974,1,resid,resid,0.4624200469,0.4624200469,3,4.5605648687,0.1340276295,0.083,0.083,0.167,ground glean,insectivore,,0.97826,0.89026
17,3080,Sharp-tailed Grouse,135,2.7330976431,0.4366551477,0.2871670524,Low,953,2.9790929006,-0.7,Y,50,6054169.82616794,6.7820545992,0.34835,0.26268,25,resid,resid,1.656673944,1.656673944,20,4.5505343324,0.2404865768,0.03,0.156,0.2,ground glean,herbivore,,0.65165,0.73732
18,3090,Sage Grouse,86,5.2485507246,0.7200393988,0.4174503685,Med,3190,3.5037906831,1,Y,17,1407624.22640358,6.1484867328,0.15441,0.26828,8,resid,resid,1.8548908389,1.8548908389,13,9.10944503,0.6160756868,0.012,0.116,0.198,ground glean,herbivore,,0.84559,0.73172
19,3091,Ring-necked Pheasant,383,10.798751809,1.0333735598,0.5925481931,High,1317,3.119585775,-0.9,B,588,4490726.91105049,6.6523166457,0.42591,0.41841,443,resid,resid,1.9160187955,1.9129852238,23,0.9748972951,0.6393702118,0.452,0.629,0.679,ground glean,omnivore,,0.57409,0.58159
20,3100,Wild Turkey,419,2.5327037694,0.4035843967,0.2489127378,Low,7400,3.8692317197,13.6,Y,532,3999691.45521012,6.6020264902,0.28022,0.27198,292,resid,resid,2.0697882911,2.0139921656,34,0.4952501,1.6576391852,0.305,0.625,0.699,ground glean,omnivore,,0.71978,0.72802
22,3120,Band-tailed Pigeon,103,5.4116035998,0.733325977,0.4780965178,Med,365.25,2.5625902246,-2,B,83,3312530.75877724,6.5201599196,0.36326,0.37216,58,neotrop,migrant,3.3166089912,2.9238562378,29,5.6455134742,0.8419194159,0.204,0.437,0.485,foliage glean,granivore,,0.63674,0.62784
24,3131,Rock Dove,799,10.945720012,1.0392443349,0.7090960296,High,369,2.5670263662,-0.4,Y,1050,12682549.1566231,7.1032065543,0.18728,0.18304,940,resid,resid,3.0996695021,2.701015175,40,0.3276131898,0.9741534507,0.479,0.688,0.771,ground glean,granivore,,0.81272,0.81696
25,3160,Mourning Dove,802,29.182521708,1.4651228173,1.2333337381,High,123,2.0899051114,-0.4,Y,2301,11119866.0363908,7.0460995552,0.58965,0.58044,2080,short,migrant,2.7686139027,2.5776634283,38,0.6844212955,1.4917158154,0.938,0.969,0.976,ground glean,granivore,,0.41035,0.41956
27,3190,White-winged Dove,29,20.222724868,1.3058396733,0.6155462653,High,153,2.1846914308,1.4,B,89,1246992.77987435,6.0958639389,0.37397,0.3572,77,short,migrant,2.5819752978,2.2958344031,26,14.178899021,0.9775613722,0.586,0.69,0.724,ground glean,granivore,,0.62603,0.6428
28,3200,Common Ground-Dove,73,4.8700843017,0.687536479,0.4561286589,Med,30,1.4771212547,-1.1,Y,129,5828511.01263706,6.7655576214,0.41177,0.44723,77,resid,resid,3.3575709745,2.3908074736,26,9.453513421,0.1978880607,0.548,0.726,0.753,ground glean,granivore,,0.58823,0.55277
29,3210,Inca Dove,38,3.7929336735,0.5789752483,0.3398196091,Low,48,1.6812412374,2.8,Y,62,2933386.81912267,6.4673693362,0.28208,0.34579,46,resid,resid,3.094427519,2.4093409767,27,7.5225161291,0.2531620273,0.316,0.553,0.605,ground glean,granivore,,0.71792,0.65421
32,3850,Greater Roadrunner,79,1.9303447011,0.2856348678,0.1584610893,Low,376,2.5751878449,0.8,Y,99,2932531.91531,6.4672427473,0.67094,0.60233,49,resid,resid,2.747695381,2.6415596322,31,6.0856182121,0.8793962994,0.405,0.582,0.684,ground glean,insectivore,,0.32906,0.39767
34,3870,Yellow-billed Cuckoo,526,4.8937589304,0.6896425719,0.4858876337,Med,64,1.806179974,-1.7,Y,869,5271675.61695322,6.7219486789,0.58417,0.58294,703,neotrop,migrant,2.0811484267,1.8194897898,27,3.1785310193,0.8516833591,0.546,0.768,0.838,foliage glean,insectivore,,0.41583,0.41706
35,3880,Black-billed Cuckoo,505,1.8734880294,0.2726509225,0.1602419853,Low,51,1.7075701761,-1.5,Y,204,4935972.17042508,6.6933727024,0.53562,0.50481,83,neotrop,migrant,1.1581325671,1.1581325671,13,1.5186151493,0.4909911416,0.156,0.394,0.539,foliage glean,insectivore,,0.46438,0.49519
37,3930,Hairy Woodpecker,776,1.6940363666,0.2289227293,0.1482510494,Low,66.25,1.8211858826,4.4,Y,771,13263247.0533823,7.1226498593,0.49957,0.51088,335,resid,resid,2.5650367926,2.464467262,42,0.3585547654,0.9192255075,0.314,0.625,0.714,bark glean,insectivore,,0.50043,0.48912
38,3940,Downy Woodpecker,801,2.6494905453,0.4231623741,0.3009691419,Low,27,1.4313637642,0,B,1298,12767509.3954103,7.1061061861,0.56447,0.57142,795,resid,resid,2.3970395248,2.3970395248,41,1.1869202577,1.5035569215,0.588,0.788,0.841,bark glean,insectivore,,0.43553,0.42858
39,3950,Red-cockaded Woodpecker,91,2.0845238095,0.31900686,0.189248095,Low,44,1.6434526765,-1.5,Y,12,533464.692586953,5.7271056809,0.14502,0.24643,4,resid,resid,0.8699602559,0.8699602559,6,9.5079992933,0.1722060039,0.022,0.033,0.044,bark glean,insectivore,,0.85498,0.75357
40,3960,Ladder-backed Woodpecker,42,2.534492618,0.4038910306,0.2774588145,Low,30,1.4771212547,-1.2,Y,108,2820649.27718541,6.4503490888,0.58688,0.56548,67,resid,resid,2.9631204593,2.3376395264,29,7.5368850495,0.4730255339,0.643,0.857,0.881,bark glean,insectivore,,0.41312,0.43452
41,3970,Nuttall's Woodpecker,13,4.9791157916,0.6971522261,0.5248247861,Med,38,1.5797835966,0.4,B,37,183760.663179689,5.2642525495,0.56314,0.5596,29,resid,resid,1.8873730283,1.8873730283,13,5.0783129677,0.1706499422,0.692,0.769,0.769,bark glean,insectivore,,0.43686,0.4404
43,3990,White-headed Woodpecker,48,2.0638038549,0.3146684193,0.1952884875,Low,61.25,1.787106093,2,Y,33,498873.293237,5.697990255,0.70877,0.50724,15,resid,resid,2.2652228558,2.2652228558,16,7.4944030217,0.8947217236,0.104,0.167,0.229,bark glean,insectivore,,0.29123,0.49276
44,4000,Black-backed Woodpecker,194,1.3979938272,0.1455052538,0.0723765496,Low,69.5,1.8419848046,0.7,R,20,6743238.40352781,6.8288685142,0.19541,0.27307,8,resid,resid,1.7919643239,1.7919643239,25,2.1153817912,0.355675101,0.026,0.072,0.082,bark glean,insectivore,,0.80459,0.72693
45,4010,Three-toed Woodpecker,131,1.4924872862,0.1739106403,0.0943208268,Low,65.75,1.8178957572,20.9,R,24,7861855.64755983,6.8955250654,0.38165,0.40105,19,resid,resid,1.7547807544,1.7547807544,25,7.21570151,0.8850923261,0.053,0.107,0.183,bark glean,insectivore,,0.61835,0.59895
46,4020,Yellow-bellied Sapsucker,207,3.5638765929,0.5519226572,0.3385600391,Low,50,1.6989700043,0.5,Y,292,4455324.84512034,6.6488793747,0.52647,0.52656,271,short,migrant,1.1163634713,1.1163634713,9,2.7041997419,0.1263163451,0.502,0.715,0.758,bark glean,insectivore,,0.47353,0.47344
47,4021,Red-naped Sapsucker,99,2.4346652386,0.3864392551,0.2507089119,Low,46,1.6627578317,0.8,Y,141,2072181.54803898,6.3164278022,0.57344,0.58964,87,short,migrant,2.1130866214,2.1130866214,19,7.2440186394,0.867756653,0.293,0.394,0.465,bark glean,insectivore,,0.42656,0.41036
48,4030,Red-breasted Sapsucker,53,3.2252604803,0.5085647951,0.2956599306,Med,49,1.69019608,-1.3,Y,83,996842.384294042,5.9986264953,0.50647,0.53521,58,short,migrant,2.5078739366,2.5078739366,21,6.8921498745,1.7438085082,0.415,0.509,0.679,bark glean,insectivore,,0.49353,0.46479
49,4040,Williamson's Sapsucker,41,1.9512583096,0.2903147656,0.2000450792,Low,48,1.6812412374,0.4,Y,34,648404.010230835,5.8118456922,0.46754,0.4938,28,short,migrant,2.1375110846,2.1375110846,18,8.3325535584,0.5369816537,0.073,0.22,0.244,bark glean,insectivore,,0.53246,0.5062
50,4050,Pileated Woodpecker,532,2.2225951399,0.3468603604,0.2391922776,Low,287.5,2.458637849,1.8,Y,870,5913479.22129193,6.7718430751,0.53797,0.53039,463,resid,resid,1.8959004249,1.8959004249,26,1.617632656,1.4981097358,0.556,0.812,0.874,bark glean,insectivore,,0.46203,0.46961
51,4060,Red-headed Woodpecker,534,2.4177742444,0.3834157469,0.2547705591,Low,72,1.8573324964,-2.7,Y,497,5190665.70356225,6.7152230597,0.40738,0.42544,273,short,migrant,1.5333072359,1.5333072359,19,1.6491700696,0.8296562807,0.328,0.554,0.635,bark glean,omnivore,,0.59262,0.57456
52,4070,Acorn Woodpecker,29,18.402504209,1.2648769257,0.8175357821,High,83,1.9190780924,0.8,B,79,1467927.01511211,6.1667044631,0.49711,0.47065,56,resid,resid,3.3592453258,2.6430672049,27,5.6669197528,0.2927482226,0.483,0.552,0.552,bark glean,omnivore,,0.50289,0.52935
53,4080,Lewis's Woodpecker,130,2.0488656783,0.3115134874,0.1509691266,Low,116,2.0644579892,-1.5,Y,23,2072674.08258177,6.3165310169,0.17048,0.17965,7,short,migrant,2.3938223287,2.3938223287,25,5.5412449318,0.7641572396,0.046,0.138,0.2,hawks,insectivore,,0.82952,0.82035
54,4090,Red-bellied Woodpecker,404,7.951178219,0.9004314879,0.7136078558,Med,67,1.8260748027,0.7,B,1067,2988465.04171823,6.4754481799,0.57229,0.57408,897,resid,resid,1.2876684137,1.2876684137,11,4.0678967083,1.0855959917,0.901,0.96,0.968,bark glean,insectivore,,0.42771,0.42592
55,4100,Golden-fronted Woodpecker,10,8.1083763626,0.9089338989,0.5858432002,Med,81.5,1.9111576087,-1.1,B,43,1396952.10128127,6.1451815153,0.59302,0.5848,38,resid,resid,2.8478430214,1.9229786089,13,9.7831404735,0.205272787,0.7,0.7,0.7,bark glean,insectivore,,0.40698,0.4152
56,4110,Gila Woodpecker,12,14.812016369,1.1706141833,0.739744854,High,65.25,1.814580516,-1.5,B,19,565715.490588,5.7525980709,0.45141,0.39143,15,resid,resid,1.7807183264,1.2128326432,15,12.888606401,0.3077916099,0.667,0.75,0.833,bark glean,omnivore,,0.54859,0.60857
57,4120,Northern Flicker,800,3.4000936477,0.5314908788,0.387340327,Low,132.17,2.12113289,-2,Y,1225,14922329.9129551,7.1738366374,0.54349,0.5592,783,resid,resid,2.5408783332,2.4173828709,43,0.1670689112,1.8456411561,0.706,0.913,0.939,ground glean,insectivore,,0.45651,0.4408
59,4220,Black Swift,40,5.2245454545,0.718048512,0.4891355005,Low,46,1.6627578317,-7,Y,6,1275406.25282703,6.1056485418,0.09526,0.13802,6,neotrop,migrant,3.2526911534,2.4543136497,23,7.9517713242,0.7980510665,0.025,0.15,0.3,aerial foraging,insectivore,,0.90474,0.86198
60,4230,Chimney Swift,578,8.9943898708,0.9539717086,0.7150750589,Med,24,1.3802112417,-1.6,B,1087,5834548.74282461,6.7660072724,0.29981,0.28195,891,neotrop,migrant,1.5143150653,1.5143150653,17,2.3988659906,0.9831075873,0.723,0.869,0.901,aerial foraging,insectivore,,0.70019,0.71805
61,4240,Vaux's Swift,82,3.3299135578,0.5224329597,0.3952882817,Low,17,1.2304489214,2.2,Y,36,2221973.35411918,6.3467388466,0.25157,0.25222,32,neotrop,migrant,3.1868121874,2.3645737268,25,5.462253569,1.2289101911,0.122,0.341,0.415,aerial foraging,insectivore,,0.74843,0.74778
62,4250,White-throated Swift,145,6.6575907759,0.8233170967,0.4670109581,Med,32,1.5051499783,-1.7,Y,83,3400703.21211664,6.5315687316,0.21344,0.2443,49,neotrop,migrant,3.0590867922,2.6723515534,29,6.6583329561,1.0413281365,0.131,0.214,0.29,aerial foraging,insectivore,,0.78656,0.7557
65,4280,Ruby-throated Hummingbird,561,1.5735530547,0.1968813904,0.139480062,Low,3.5,0.5440680444,2.4,Y,574,4930336.57598764,6.692876568,0.50271,0.53634,263,neotrop,migrant,1.365687611,1.365687611,15,1.5482423363,0.5110327051,0.353,0.697,0.784,hover/glean,nectarivore,,0.49729,0.46366
66,4290,Black-chinned Hummingbird,112,1.8886778116,0.2761578782,0.1906990754,Low,3.5,0.5440680444,1.2,Y,78,2368298.30216,6.3744364036,0.58887,0.54734,33,neotrop,migrant,2.7552702047,2.7552702047,31,4.6935425448,1.1622456646,0.196,0.348,0.384,hover/glean,nectarivore,,0.41113,0.45266
68,4310,Anna's Hummingbird,42,2.9415520903,0.4685765435,0.2590762717,Low,4.25,0.6283889301,1.5,Y,66,492870.405965956,5.6927327421,0.51049,0.52362,37,resid,resid,2.4760241914,2.4760241914,22,5.3604726475,0.4025626315,0.19,0.405,0.548,hover/glean,nectarivore,,0.48951,0.47638
69,4320,Broad-tailed Hummingbird,26,6.68935097,0.8253839827,0.5108139419,Med,4,0.6020599913,-0.6,B,119,696133.319788617,5.8426924214,0.59843,0.59038,82,neotrop,migrant,2.9108253184,2.5042718144,20,13.976834547,0.7025729132,0.423,0.615,0.692,hover/glean,nectarivore,,0.40157,0.40962
70,4330,Rufous Hummingbird,81,2.8588943623,0.4561981082,0.2659410646,Low,4,0.6020599913,-2.3,B,93,1521468.45865454,6.1822629535,0.54157,0.55098,75,neotrop,migrant,2.2592376114,2.2592376114,16,6.6850984498,1.4193763026,0.346,0.519,0.63,hover/glean,nectarivore,,0.45843,0.44902
72,4360,Calliope Hummingbird,82,1.646692112,0.2166124051,0.1073769772,Low,2.75,0.4393326938,0.6,Y,40,1200652.88479894,6.0794174687,0.52575,0.48826,22,neotrop,migrant,2.1417630291,2.1417630291,20,5.3487122122,0.5158516382,0.159,0.244,0.341,hover/glean,nectarivore,,0.47425,0.51174
78,4430,Scissor-tailed Flycatcher,59,16.064525769,1.2058679095,0.8400213589,High,43,1.6334684556,-0.3,Y,192,1446335.40507,6.1602690175,0.57605,0.54631,187,neotrop,migrant,1.9236198882,1.9236198882,16,5.6607246183,0.4077864149,0.576,0.746,0.797,hawks,insectivore,,0.42395,0.45369
79,4440,Eastern Kingbird,687,5.1200665663,0.7092756073,0.5053928715,Med,44,1.6434526765,-0.9,B,1399,9104097.94884144,6.9592369215,0.51549,0.5086,1073,neotrop,migrant,1.9737040486,1.9737040486,26,0.598506378,0.6507717155,0.712,0.862,0.904,hawks,insectivore,,0.48451,0.4914
80,4450,Gray Kingbird,24,5.355952381,0.7288367071,0.3522310933,Low,44,1.6434526765,,,5,577234.201847063,5.7613520557,0.52872,0.44381,4,neotrop,migrant,1.7926368406,0.7357792982,5,17.520696702,0.4891949468,0.042,0.042,0.083,hawks,insectivore,,0.47128,0.55619
84,4470,Western Kingbird,233,9.7749680089,0.9901153447,0.6221478412,High,40,1.6020599913,0.5,B,591,5061400.38319,6.7042706936,0.51125,0.49594,507,neotrop,migrant,2.4793861085,2.4425541491,34,3.0619685608,1.1855424587,0.588,0.712,0.773,hawks,insectivore,,0.48875,0.50406
85,4480,Cassin's Kingbird,21,6.0427949895,0.7812378604,0.5020268937,Med,46,1.6627578317,-0.1,B,72,1446281.14229524,6.1602527236,0.46018,0.45769,62,neotrop,migrant,2.6173319941,2.2470501549,26,8.5036399439,0.2036206915,0.571,0.619,0.667,hawks,insectivore,,0.53982,0.54231
88,4520,Great Crested Flycatcher,555,5.0015927886,0.6991083302,0.5116740002,Med,34,1.531478917,0,B,1182,5131591.76188547,6.7102520993,0.56424,0.56675,875,neotrop,migrant,1.4276025759,1.4267278875,14,2.5216596058,1.6474267346,0.8,0.944,0.973,hawks,insectivore,,0.43576,0.43325
89,4530,Brown-crested Flycatcher,16,9.9309340659,0.9969900985,0.495799,Med,44,1.6434526765,4.4,B,31,10404723.2633124,7.0172305337,0.57119,0.55988,26,short,migrant,3.1986219789,2.2254514322,24,8.4632859024,0.2400074227,0.5,0.563,0.688,hover/glean,insectivore,,0.42881,0.44012
90,4540,Ash-throated Flycatcher,133,10.150315889,1.0064795582,0.6637669501,High,27,1.4313637642,1,Y,279,3500603.462011,6.544142918,0.56115,0.55288,237,neotrop,migrant,2.900489805,2.810696262,31,6.0887532974,1.0958344641,0.556,0.617,0.669,hover/glean,insectivore,,0.43885,0.44712
92,4560,Eastern Phoebe,516,4.3068133284,0.6341560484,0.4718922727,Med,20,1.3010299957,0.9,Y,1155,6231356.7030612,6.7945826124,0.55759,0.54195,817,short,migrant,1.3868422638,1.3868422638,14,1.1113709656,0.2456146286,0.814,0.901,0.932,hawks,insectivore,,0.44241,0.45805
93,4570,Say's Phoebe,223,2.4723597808,0.3931116701,0.2501294307,Low,21,1.3222192947,1.6,Y,276,7184011.98734656,6.8563670483,0.52942,0.53468,173,short,migrant,2.6925311198,2.6575117094,35,6.49578619,0.8276182625,0.345,0.511,0.583,hawks,insectivore,,0.47058,0.46532
94,4580,Black Phoebe,35,2.8045107494,0.447857109,0.2715040336,Low,19,1.278753601,2,Y,73,2974843.54500314,6.47346413,0.5026,0.50088,44,resid,resid,3.1296632783,2.3504297167,28,4.6577656582,0.2335618599,0.343,0.514,0.629,hawks,insectivore,,0.4974,0.49912
95,4590,Olive-sided Flycatcher,401,2.73222073,0.4365157821,0.2882808993,Low,32,1.5051499783,-3.5,B,298,9975822.30837122,6.9989487048,0.51731,0.48803,180,neotrop,migrant,2.4898423947,2.4898423947,33,3.51140411,1.2001441704,0.167,0.319,0.397,hawks,insectivore,,0.48269,0.51197
97,4610,Eastern Wood-Pewee,524,4.5677754314,0.6597047443,0.5028333776,Med,14,1.1461280357,-1.8,B,1104,4075987.44886733,6.610232838,0.56607,0.56554,844,neotrop,migrant,1.1251816883,1.1251816883,13,1.6998142357,0.4981724137,0.798,0.937,0.968,hawks,insectivore,,0.43393,0.43446
98,4620,Western Wood-Pewee,262,6.3857052389,0.8052088678,0.4913997165,Med,13,1.1139433523,-1.2,B,484,6926205.14177685,6.8404953504,0.53636,0.53664,341,neotrop,migrant,2.9677312917,2.7808000969,35,4.2282581613,1.4014442258,0.492,0.687,0.752,hawks,insectivore,,0.46364,0.46336
99,4630,Yellow-bellied Flycatcher,138,3.9242414101,0.5937557163,0.3137212296,Med,12,1.079181246,1.7,Y,74,5311773.42322953,6.7252395417,0.49454,0.45514,47,neotrop,migrant,1.0099090328,1.0099090328,10,3.398708046,0.0835506624,0.116,0.203,0.239,hawks,insectivore,,0.50546,0.54486
100,4640,Cordilleran Flycatcher,99,3.8193053701,0.5819843835,0.3645409357,Med,10,1,-0.6,B,83,2349995.62949661,6.3710670546,0.56061,0.55782,58,neotrop,migrant,2.6334636371,2.357489571,22,9.011460913,1.1200246855,0.182,0.273,0.343,hawks,insectivore,,0.43939,0.44218
101,4641,Pacific-slope Flycatcher,59,10.17031259,1.0073343014,0.6424532431,High,10,1,-0.6,B,139,863571.594633764,5.9362983487,0.59892,0.5935,104,neotrop,migrant,2.3392318523,2.3392318523,20,8.6944378685,1.4555471508,0.593,0.746,0.814,hawks,insectivore,,0.40108,0.4065
102,4650,Acadian Flycatcher,400,3.5834711637,0.554303914,0.3431517775,Med,13,1.1139433523,-0.1,Y,494,3005323.65085354,6.4778912491,0.47607,0.46999,306,neotrop,migrant,1.3391024826,1.3391024826,10,2.9876372879,0.5536124103,0.458,0.6,0.66,hawks,insectivore,,0.52393,0.53001
103,4660,Willow Flycatcher,628,3.116875679,0.4937194802,0.2892811675,Low,13.25,1.1222158783,-0.9,B,519,7290941.89954199,6.8627836374,0.47033,0.46026,312,neotrop,migrant,2.34122474,2.34122474,32,0.6295343603,0.9530554574,0.325,0.457,0.527,hawks,insectivore,,0.52967,0.53974
104,4661,Alder Flycatcher,285,8.6052016835,0.9347610535,0.6165683692,Med,13,1.1139433523,0.2,B,486,7081357.59352873,6.8501165259,0.49895,0.51637,391,neotrop,migrant,1.4389805708,1.4389805708,14,4.0522471384,0.7186506197,0.523,0.639,0.674,hawks,insectivore,,0.50105,0.48363
105,4670,Least Flycatcher,331,5.6493997148,0.7520023037,0.4870296173,Med,10,1,-1.2,B,577,6131756.33653191,6.7875848885,0.50393,0.50852,400,neotrop,migrant,1.5567887134,1.5567887134,18,3.031666396,0.5956731335,0.58,0.734,0.77,hover/glean,insectivore,,0.49607,0.49148
106,4680,Hammond's Flycatcher,142,6.0542873507,0.7820630297,0.4748122546,Med,10,1,1,B,204,2753774.8141428,6.4399284236,0.52135,0.49652,153,neotrop,migrant,2.4834686099,2.4834686099,23,5.9643113444,0.7491008914,0.338,0.43,0.465,hawks,insectivore,,0.47865,0.50348
107,4690,Dusky Flycatcher,152,6.4416051994,0.8089941038,0.5474678662,Med,10,1,-1.1,Y,236,2675612.28144056,6.4274231808,0.53904,0.52502,167,neotrop,migrant,2.4308624016,2.4308624016,26,5.9444400779,0.6955405623,0.355,0.454,0.513,hawks,insectivore,,0.46096,0.47498
108,4691,Gray Flycatcher,61,4.8314845938,0.684080599,0.3797051877,Med,13,1.1139433523,5.2,Y,86,1148249.11131,6.060036118,0.46741,0.48913,55,neotrop,migrant,1.958142002,1.958142002,16,7.5056030609,0.365554071,0.295,0.377,0.459,hawks,insectivore,,0.53259,0.51087
109,4700,Buff-breasted Flycatcher,10,,,,,8,0.903089987,,,,512383.0496289,5.7095947542,,,,neotrop,migrant,2.4999455943,1.4192592132,9,,,0,0,0,hawks,insectivore,,1,1
110,4710,Vermilion Flycatcher,26,2.4394412269,0.3872903592,0.2701986462,Low,14,1.1461280357,-2.3,Y,27,7069807.29007294,6.8494075759,0.39533,0.47469,18,neotrop,migrant,3.0222588919,2.3471934727,27,7.8611187847,0.5116359614,0.346,0.462,0.462,hawks,insectivore,,0.60467,0.52531
112,4740,Horned Lark,657,29.062709603,1.4633361024,0.9083872878,High,34.5,1.5378190951,-2.2,Y,960,15632904.4376425,7.1940396731,0.48003,0.44997,812,short,migrant,2.7428455041,2.7121301661,43,3.0259760134,1.5736289809,0.431,0.53,0.574,ground glean,granivore,,0.51997,0.55003
113,4750,Black-billed Magpie,209,10.461492439,1.0195936455,0.6908289049,High,177.5,2.2491983574,-0.3,Y,444,5286522.25094707,6.7231700645,0.45358,0.43082,358,resid,resid,2.2795867855,2.2795867855,24,4.5589837544,0.6235399516,0.555,0.689,0.732,ground glean,omnivore,,0.54642,0.56918
114,4760,Yellow-billed Magpie,12,20.767628668,1.3173869099,1.1620447839,High,158,2.198657087,0.1,B,23,83425.6528647,4.921299614,0.37154,0.32566,21,resid,resid,1.3105183844,1.3105183844,9,4.5344839865,0.0590185451,0.583,0.583,0.583,ground glean,omnivore,,0.62846,0.67434
115,4770,Blue Jay,602,11.835194514,1.0731754001,0.8915146776,High,87,1.9395192526,-1.1,B,1552,6654836.33512662,6.8231373792,0.52591,0.52512,1341,short,migrant,1.5451753441,1.5451753441,17,2.085540126,1.2411724089,0.92,0.945,0.96,ground glean,omnivore,,0.47409,0.47488
116,4780,Steller's Jay,150,8.4521794635,0.9269687098,0.6568857413,High,128,2.1072099696,0.3,B,293,3101403.3198112,6.4915582474,0.55616,0.52811,216,resid,resid,3.0244071404,2.7252762536,30,5.7823448342,0.8018807167,0.473,0.587,0.593,ground glean,omnivore,,0.44384,0.47189
118,4810,Western Scrub-Jay,104,9.8207683073,0.9921454652,0.626768092,High,96.25,1.9834007382,0.6,B,198,2283684.4394755,6.3586360927,0.51615,0.48521,145,resid,resid,2.948942368,2.7489900621,30,3.9374634977,0.5453514545,0.433,0.51,0.548,ground glean,omnivore,,0.48385,0.51479
121,4840,Gray Jay,115,4.1280948182,0.615749664,0.4064744153,Med,73,1.8633228601,-0.1,Y,207,7269013.74695426,6.8614754902,0.37109,0.3247,138,resid,resid,1.5671756261,1.5671756261,25,5.6702917738,1.3369276167,0.243,0.426,0.513,ground glean,omnivore,,0.62891,0.6753
122,4860,Common Raven,327,7.2514310278,0.8604237205,0.5521261721,Med,1207.5,3.0818871394,2.5,B,988,15137567.0378782,7.1800560795,0.45843,0.44716,850,resid,resid,2.7447385004,2.594893843,41,2.1779770449,2.0600042068,0.673,0.841,0.878,ground glean,omnivore,,0.54157,0.55284
123,4870,Chihuahuan Raven,32,8.9273364806,0.9507219041,0.6936775251,High,524.25,2.7195384391,-0.5,Y,55,1378259.97455,6.1393311442,0.4727,0.43262,47,resid,resid,2.0009866339,1.9508524512,20,8.2900800082,0.2414568128,0.469,0.531,0.625,ground glean,omnivore,,0.5273,0.56738
124,4880,American Crow,768,32.17991018,1.5075848276,1.2880338358,High,458,2.660865478,0.9,B,2022,11434695.2937581,7.0582245962,0.51644,0.50811,1811,short,migrant,2.1937056525,2.1937056525,35,0.8388616052,1.2090053055,0.883,0.919,0.936,ground glean,omnivore,,0.48356,0.49189
125,4890,Northwestern Crow,15,25.541702742,1.4072498462,1.035848199,High,391.5,2.5927317664,0.8,Y,25,395247.111984263,5.5968687053,0.33315,0.32789,29,resid,resid,1.70395759,1.70395759,13,10.61906564,1.4109645614,0.4,0.533,0.6,ground glean,omnivore,,0.66685,0.67211
127,4900,Fish Crow,163,6.8063309699,0.8329130636,0.5696760708,Med,274.75,2.4389377011,0.8,Y,320,971342.466843718,5.9873723764,0.38926,0.37198,208,short,migrant,1.2020287054,1.2020287054,9,6.9133451791,0.7231178525,0.669,0.828,0.883,ground glean,omnivore,,0.61074,0.62802
128,4910,Clark's Nutcracker,129,4.2176029056,0.6250656878,0.39855407,Low,135.75,2.1327398383,2.5,B,121,2249913.9423003,6.352165907,0.38636,0.3682,89,resid,resid,2.3105939581,2.3105939581,25,10.167668583,0.8785147891,0.147,0.318,0.372,foliage glean,omnivore,,0.61364,0.6318
129,4920,Pinyon Jay,87,13.582406765,1.1329767326,0.7644636872,High,103,2.0128372247,-4.2,B,91,1598313.9814385,6.2036620985,0.31446,0.30137,85,resid,resid,2.1640201441,2.1640201441,21,10.403182297,0.2696562925,0.253,0.368,0.402,ground glean,omnivore,,0.68554,0.69863
130,4930,European Starling,817,45.218546417,1.6553165975,1.2184166905,High,85,1.9294189257,-1,B,1942,14634616.5870386,7.1653813488,0.34918,0.33865,1762,short,migrant,2.4653900717,2.4368893828,41,0.4037153155,1.1117078097,0.831,0.922,0.949,ground glean,insectivore,,0.65082,0.66135
132,4940,Bobolink,351,10.836970097,1.034907875,0.6644159463,High,28.75,1.458637849,-1.7,Y,562,3874361.38140265,6.5882001271,0.34604,0.3367,484,neotrop,migrant,1.4274385168,1.4274385168,20,2.0636731725,0.3401070427,0.544,0.678,0.727,ground glean,insct/om,,0.65396,0.6633
133,4950,Brown-headed Cowbird,799,12.785525739,1.1067185909,0.837255812,High,45,1.6532125138,-1.2,Y,2111,11229801.7153201,7.050372088,0.52131,0.50809,1729,short,migrant,2.61191434,2.588706061,38,0.263418275,0.941716143,0.887,0.969,0.984,ground glean,insectivore,,0.47869,0.49191
134,4960,Bronzed Cowbird,17,6.1353125,0.7878366883,0.4470051383,High,60,1.7781512504,0.1,B,28,2394450.0616512,6.3792057839,0.5106,0.4647,16,short,migrant,3.2264440718,2.1792346521,19,9.9627029955,0.3350293071,0.412,0.647,0.765,ground glean,insectivore,,0.4894,0.5353
136,4970,Yellow-headed Blackbird,247,17.763091117,1.2495185435,0.6759995036,High,64.5,1.8095597146,0.9,Y,295,4746512.02072944,6.6763745851,0.27093,0.24865,199,neotrop,migrant,1.944686199,1.944686199,23,3.6579780121,0.3636834382,0.324,0.457,0.518,ground glean,insectivore,,0.72907,0.75135
137,4980,Red-winged Blackbird,818,56.532939754,1.7523015697,1.3130674477,High,53,1.7242758696,-1,Y,2127,13628331.5472805,7.1344426905,0.44528,0.43762,1893,short,migrant,2.7263049842,2.5489091016,42,0.5360312025,0.6872067337,0.891,0.945,0.96,ground glean,insectivore,,0.55472,0.56238
139,5010,Eastern Meadowlark,546,16.091842504,1.2066057733,0.874918287,High,102,2.0086001718,-2.9,Y,1134,7290312.79429423,6.8627461623,0.47048,0.45585,948,short,migrant,2.3863621977,1.8513262217,26,1.8310465525,0.9481443933,0.784,0.881,0.925,ground glean,insct/om,,0.52952,0.54415
140,5011,Western Meadowlark,365,52.586548879,1.7208746701,1.1561924681,High,112,2.0492180227,-0.9,B,850,6709058.27293478,6.826661564,0.57422,0.56704,737,short,migrant,2.4980356483,2.4958514041,30,3.1513706346,0.7553919654,0.614,0.696,0.778,ground glean,insct/om,,0.42578,0.43296
144,5040,Scott's Oriole,48,3.9706505848,0.5988616711,0.3713042525,Med,37,1.5682017241,0.8,B,66,2187870.2447343,6.3400215619,0.55373,0.50184,39,neotrop,migrant,2.6879316562,2.4636867921,28,11.189991534,0.5093824932,0.438,0.521,0.563,foliage glean,insct/om,,0.44627,0.49816
145,5050,Hooded Oriole,31,2.4080168776,0.3816595265,0.2132916292,Low,24,1.3802112417,2.8,Y,20,1128395.00871744,6.0524611565,0.46085,0.39879,16,neotrop,migrant,2.9352110571,2.6051083019,28,8.278530596,0.4536116154,0.323,0.452,0.516,foliage glean,insct/om,,0.53915,0.60121
146,5060,Orchard Oriole,459,3.8112218857,0.5810642337,0.3920697594,Low,19.5,1.2900346114,-0.8,Y,733,4788849.6224749,6.6802311997,0.54487,0.54043,527,neotrop,migrant,1.7520732745,1.7106635489,18,2.7574026584,1.4652731896,0.566,0.745,0.813,foliage glean,insct/om,,0.45513,0.45957
147,5070,Baltimore Oriole,494,4.5196337252,0.6551032407,0.4724229763,Med,34.25,1.5346605758,-0.7,Y,869,4702121.74651459,6.6722938696,0.55149,0.55744,677,neotrop,migrant,1.0955510452,1.0955510452,12,1.0436308896,0.2802867952,0.688,0.838,0.868,foliage glean,insectivore,,0.44851,0.44256
148,5080,Bullock's Oriole,186,4.2471188878,0.6280944182,0.3886379573,Med,34.25,1.5346605758,-0.9,B,347,3823592.17551792,6.5824715642,0.5215,0.48318,230,neotrop,migrant,2.65419776,2.6524139935,30,2.8929481962,0.7891589105,0.581,0.737,0.78,foliage glean,insectivore,,0.4785,0.51682
149,5090,Rusty Blackbird,85,2.3811359867,0.3767841987,0.2253154336,Low,63,1.7993405495,-10.3,Y,19,7240991.6519139,6.8597980468,0.31401,0.35852,13,short,migrant,1.3759880516,1.3759880516,14,5.7848137607,1.0385413267,0.035,0.141,0.235,ground glean,insectivore,,0.68599,0.64148
150,5100,Brewer's Blackbird,284,23.165536966,1.3648423714,0.9669977467,High,63,1.7993405495,-1.3,B,652,5267356.00140283,6.7215926717,0.41409,0.38143,534,short,migrant,2.4275370104,2.4275370104,23,2.4911702876,1.5809617094,0.648,0.768,0.824,ground glean,insectivore,,0.58591,0.61857
151,5110,Common Grackle,639,38.944950196,1.5904511528,1.2090511319,High,127,2.103803721,-1.2,B,1607,8200607.07776762,6.9138460037,0.40125,0.38825,1460,short,migrant,1.6962947426,1.6962947426,21,1.1573657798,0.5581021492,0.887,0.942,0.958,ground glean,omnivore,,0.59875,0.61175
152,5120,Great-tailed Grackle,110,18.428961039,1.2655008519,0.7038455802,High,154.5,2.1889284838,2.5,B,149,5011833.90203648,6.6999966695,0.31802,0.28409,128,resid,resid,3.3143273728,2.7245086701,32,8.7035074232,0.8438426685,0.291,0.391,0.455,ground glean,omnivore,,0.68198,0.71591
153,5130,Boat-tailed Grackle,35,31.791211052,1.5023070722,0.9086476385,High,165.5,2.2187979981,1.9,B,70,202991.128465587,5.3074770579,0.35324,0.33392,59,resid,resid,1.1649811417,1.1649811417,7,11.565696944,0.3100127132,0.543,0.743,0.771,ground glean,omnivore,,0.64676,0.66608
154,5140,Evening Grosbeak,219,4.9990004817,0.6988831786,0.4261090792,Med,59.25,1.7726883547,-1.4,B,164,3932452.53263016,6.5946634891,0.29843,0.27362,89,short,migrant,2.374528373,2.3140111647,28,2.3831525251,0.5795731014,0.196,0.47,0.575,ground glean,insct/om,,0.70157,0.72638
155,5150,Pine Grosbeak,93,2.2876511226,0.3593897933,0.2589912393,Low,56,1.748188027,1.3,Y,42,7002747.24880564,6.8452684516,0.3948,0.38473,35,short,migrant,1.7555908612,1.7555908612,24,4.9539618623,1.6040156654,0.086,0.194,0.237,foliage glean,granivore,,0.6052,0.61527
156,5170,Purple Finch,278,3.1204276427,0.4942141165,0.3151793364,Low,25,1.3979400087,-1.5,B,346,4519138.03134173,6.6550556065,0.48971,0.48473,256,short,migrant,1.7461486095,1.7461486095,25,1.586464137,0.7312578475,0.421,0.64,0.719,ground glean,granivore,,0.51029,0.51527
157,5180,Cassin's Finch,96,5.416664412,0.7337319298,0.4425345628,Low,27,1.4313637642,-2.6,B,128,1499599.53101688,6.1759752959,0.38861,0.39467,101,short,migrant,2.0346066253,2.0346066253,20,7.7948208717,0.7236545619,0.24,0.5,0.615,ground glean,granivore,,0.61139,0.60533
158,5190,House Finch,637,11.052119281,1.0434455634,0.6490622912,High,21,1.3222192947,1.2,B,1244,7552914.9382646,6.8781145937,0.38796,0.36753,932,short,migrant,2.8807067963,2.6893980116,36,0.3884225764,1.2569003206,0.67,0.84,0.887,ground glean,granivore,,0.61204,0.63247
159,5210,Red Crossbill,270,9.8253885268,0.9923497328,0.6511218929,High,39,1.591064607,-1,B,179,6740299.54446181,6.8286791974,0.34833,0.30302,148,short,migrant,2.6333343139,2.4695684478,32,3.3168380011,1.0248128372,0.196,0.337,0.4,foliage glean,granivore,,0.65167,0.69698
160,5220,White-winged Crossbill,149,10.920839346,1.0382560183,0.612519454,Med,28,1.4471580313,0.6,Y,60,8040345.38915893,6.9052747051,0.27833,0.25352,59,short,migrant,1.5951621815,1.5830714883,22,6.2834686758,1.0912950265,0.074,0.248,0.315,foliage glean,granivore,,0.72167,0.74648
161,5240,Gray-crowned Rosy-Finch,36,3.8333333333,0.5835765856,0.6989700043,Low,26.33,1.4204508591,,,1,2246597.9091607,6.3515253504,,,,short,migrant,1.9154468406,1.9154468406,20,20.020166409,0,0,0,0,ground glean,granivore,,1,1
165,5280,Common Redpoll,23,18.772441303,1.2735207551,0.9466528777,High,13,1.1139433523,,,58,4978166.13852512,6.6970693864,0.45781,0.46339,45,short,migrant,1.4605723626,1.4605723626,7,11.995226385,0.4506115643,0.696,0.826,0.87,foliage glean,granivore,,0.54219,0.53661
166,5290,American Goldfinch,636,10.924086617,1.038385135,0.8011820673,High,13.25,1.1222158783,0,Y,1500,7510163.71255178,6.8756494042,0.45045,0.44034,1312,short,migrant,1.8518695111,1.8518695111,21,0.7956868369,0.5135819776,0.794,0.884,0.91,foliage glean,granivore,,0.54955,0.55966
167,5300,Lesser Goldfinch,117,6.0339736899,0.7806034122,0.4817614549,High,10,1,-0.7,B,152,3943412.80265277,6.5958722421,0.47921,0.41412,117,short,migrant,3.2554345921,2.8442475063,31,3.7513779212,0.3902227805,0.35,0.538,0.632,foliage glean,granivore,,0.52079,0.58588
169,5330,Pine Siskin,274,10.821748768,1.0342974474,0.6773900399,Med,15,1.1760912591,-2.3,B,352,7782690.90161327,6.8911297823,0.40068,0.36477,261,short,migrant,2.501085758,2.4258120043,35,4.8228024136,1.649073427,0.292,0.504,0.617,foliage glean,granivore,,0.59932,0.63523
173,5380,Chestnut-collared Longspur,24,20.248791486,1.3063991082,0.8757051024,High,19,1.278753601,-2.7,Y,58,796749.008608721,5.9013215318,0.33439,0.32469,49,short,migrant,0.2010832715,0.2010832715,5,4.7608487469,0.0746185879,0.292,0.375,0.458,ground glean,insct/om,,0.66561,0.67531
174,5390,McCown's Longspur,24,10.524817851,1.0222145884,0.6785237832,High,23,1.361727836,-2.8,B,23,684330.553399,5.8352659304,0.4487,0.40991,22,short,migrant,0.7996599745,0.7996599745,7,6.0314336695,0.1987651838,0.042,0.125,0.208,ground glean,insct/om,,0.5513,0.59009
175,5400,Vesper Sparrow,543,12.328719605,1.0909179754,0.674116242,High,27,1.4313637642,-1.1,B,703,7376295.00366455,6.8678382773,0.55489,0.53172,573,short,migrant,1.9711644614,1.9711644614,25,3.5416053796,1.13157477,0.39,0.538,0.608,ground glean,insct/om,,0.44511,0.46828
176,5420,Savannah Sparrow,511,14.684270647,1.1668523804,0.7510163,High,21.33,1.3289908554,-0.8,Y,873,13733796.9339185,7.1377906217,0.46167,0.44879,722,short,migrant,2.3794374586,2.3436846394,36,2.6602403193,1.0749421284,0.55,0.695,0.734,ground glean,insct/om,,0.53833,0.55121
177,5450,Baird's Sparrow,37,5.7672031746,0.7609652516,0.4613599932,Low,18,1.2552725051,-3.9,B,32,1165631.3581056,6.0665612224,0.49225,0.43021,21,neotrop,migrant,0.4927874543,0.4927874543,7,5.7652035795,0.0950486729,0.216,0.324,0.405,ground glean,insct/om,,0.50775,0.56979
178,5460,Grasshopper Sparrow,518,6.6762328556,0.8245314757,0.4535975984,Med,17,1.2304489214,-3.8,B,618,5212162.55207486,6.7170179516,0.42174,0.41587,431,neotrop,migrant,1.7137379874,1.5675282159,33,0.8880963337,0.648038201,0.34,0.517,0.627,ground glean,insct/om,,0.57826,0.58413
179,5470,Henslow's Sparrow,182,1.7616071429,0.2459090626,0.152484629,Low,13,1.1139433523,-8.7,Y,36,1091365.633931,6.0379702741,0.21228,0.15945,16,short,migrant,0.5495157439,0.5495157439,5,1.2494462282,0.0649133089,0.049,0.11,0.154,ground glean,insct/om,,0.78772,0.84055
180,5480,Le Conte's Sparrow,70,3.9624264845,0.5979612178,0.3828690572,Low,13,1.1139433523,-0.5,Y,71,2856276.81131997,6.4558002941,0.3673,0.41679,44,short,migrant,1.0125013969,1.0125013969,6,6.2044791136,0.1581910924,0.243,0.457,0.514,ground glean,insct/om,,0.6327,0.58321
181,5490,Saltmarsh Sharp-tailed Sparrow,25,1.9375,0.2872417112,0,Low,19,1.278753601,,,1,72570.3271139191,4.8607590807,,,0,short,migrant,0.6318001369,0.6318001369,3,3.1671814476,0.0073571881,0,0.04,0.08,ground glean,insct/om,,1,1
182,5491,Nelson's Sharp-tailed Sparrow,39,1.624113633,0.2106164119,0.1323614484,Low,19,1.278753601,2.1,Y,21,1339209.68837338,6.1268485825,0.44223,0.46544,13,short,migrant,0.9182964176,0.9182964176,3,4.8800127665,0.5913684442,0.103,0.359,0.462,ground glean,insct/om,,0.55777,0.53456
183,5500,Seaside Sparrow,35,4.866872428,0.6872499625,0.4030793746,Med,23,1.361727836,-0.2,Y,13,174044.732951521,5.2406608849,0.12883,0.12227,8,short,migrant,1.4292728286,1.4292728286,6,4.5078329178,0.4321293419,0.143,0.171,0.171,ground glean,insct/om,,0.87117,0.87773
184,5520,Lark Sparrow,332,7.0634214057,0.8490151172,0.5142933517,Med,29,1.4623979979,-2.5,Y,538,5600871.65904301,6.7482556212,0.49721,0.45507,423,neotrop,migrant,2.3852558126,2.3852545635,33,3.122304815,1.0576542253,0.386,0.548,0.614,ground glean,insct/om,,0.50279,0.54493
185,5540,White-crowned Sparrow,121,11.78129883,1.0711931719,0.6571181426,High,28.12,1.4490153163,-1.3,B,221,7328605.19832839,6.8650213263,0.44971,0.46109,173,short,migrant,2.0875142449,2.0875142449,25,7.2163865989,2.3958122499,0.314,0.438,0.521,ground glean,insct/om,,0.55029,0.53891
186,5570,Golden-crowned Sparrow,15,17.166314935,1.2346770759,0.6748258267,High,29.8,1.4742162641,,,20,1666075.73890554,6.2216947403,0.47673,0.42302,12,short,migrant,1.9000847808,1.9000847808,11,9.0669364521,0.2587698546,0.333,0.4,0.467,ground glean,insct/om,,0.52327,0.57698
187,5580,White-throated Sparrow,174,22.447861106,1.3511749665,0.9613750056,High,25.9,1.4132997641,-0.7,B,350,5639928.0997542,6.7512735674,0.52905,0.52444,325,short,migrant,0.9260269545,0.9260269545,12,3.4544410627,0.1353044248,0.58,0.672,0.73,ground glean,insct/om,,0.47095,0.47556
188,5590,American Tree Sparrow,17,15.256898657,1.1834662615,0.7935429117,High,20,1.3010299957,,,29,4951796.52444551,6.6947627907,0.33098,0.36578,24,short,migrant,1.3780595813,1.3780595813,9,14.448171809,0.5580906287,0.529,0.647,0.765,ground glean,insct/om,,0.66902,0.63422
189,5600,Chipping Sparrow,774,13.291934867,1.1235882045,0.8828447866,High,12,1.079181246,-0.2,Y,1749,13334726.0555265,7.1249840981,0.583,0.56737,1530,neotrop,migrant,2.6898745096,2.5596559544,40,0.3664386006,0.781101295,0.758,0.818,0.851,ground glean,insct/om,,0.417,0.43263
190,5610,Clay-colored Sparrow,115,16.086075236,1.2064500956,0.8030705177,High,12,1.079181246,-1.2,Y,255,3207890.83149681,6.5062195803,0.53375,0.51962,222,neotrop,migrant,1.4066280433,1.4066280433,8,5.9662646245,0.2121037744,0.565,0.696,0.73,ground glean,insct/om,,0.46625,0.48038
191,5620,Brewer's Sparrow,165,15.380067515,1.1869582419,0.7858928584,High,11,1.0413926852,-2.8,B,258,3221811.00472995,6.5081000606,0.5093,0.51381,198,neotrop,migrant,2.312102089,2.312102089,25,9.3727255895,0.3909083224,0.424,0.564,0.6,ground glean,insct/om,,0.4907,0.48619
192,5630,Field Sparrow,478,7.0239272031,0.8465800018,0.6211190331,Med,13,1.1139433523,-3,Y,909,3994226.53994148,6.601432693,0.50959,0.504,712,short,migrant,1.2096731596,1.2096731596,12,1.4073856744,0.5318772006,0.724,0.839,0.889,ground glean,insct/om,,0.49041,0.496
193,5650,Black-chinned Sparrow,26,5.8028911565,0.7636444247,0.3038213006,Low,12,1.079181246,-5.3,Y,15,806034.853018764,5.9063538211,0.34977,0.3495,13,short,migrant,2.5156119623,2.3615541126,27,9.4722709219,0.3312993788,0.154,0.269,0.308,ground glean,insct/om,,0.65023,0.6505
194,5660,Dark-eyed Junco,344,13.427780625,1.1280042374,0.7715133868,High,19.75,1.2955671,-1.5,B,16,10128696.7259818,7.0055535677,0.54599,0.51457,6,short,migrant,2.1740398489,2.1740398489,33,3.6739280209,1.1651232541,0.445,0.552,0.605,ground glean,insct/om,,0.45401,0.48543
196,5730,Black-throated Sparrow,89,19.952066853,1.2999878913,0.8938265527,High,14,1.1461280357,-4.1,B,160,2839591.07886,6.4532558031,0.55227,0.54234,132,short,migrant,2.7364946976,2.6381072262,29,12.443266355,0.6950680773,0.472,0.539,0.607,ground glean,insct/om,,0.44773,0.45766
197,5740,Sage Sparrow,65,11.568674235,1.0632835918,0.6937704051,High,19,1.278753601,0,Y,102,1088536.44192191,6.0368429729,0.53459,0.49811,76,short,migrant,2.0910393402,2.0910393402,20,10.841274929,0.512228084,0.308,0.446,0.538,ground glean,insct/om,,0.46541,0.50189
199,5750,Bachman's Sparrow,233,3.0412567231,0.483053082,0.3181166347,Med,19.5,1.2900346114,-2,Y,57,960372.21985486,5.982439589,0.40771,0.32712,24,short,migrant,1.1558035146,1.1558035146,7,10.601844262,0.1403044146,0.103,0.15,0.18,ground glean,insct/om,,0.59229,0.67288
201,5780,Cassin's Sparrow,53,22.824089176,1.3583934555,0.8841211516,High,19,1.278753601,-2.2,B,132,2033974.42793307,6.3083454885,0.55419,0.49931,100,short,migrant,2.1946496065,2.1823185433,22,7.0289418438,0.2497222379,0.453,0.736,0.755,ground glean,insct/om,,0.44581,0.50069
203,5800,Rufous-crowned Sparrow,31,4.2274874177,0.6260823237,0.3854705402,Low,18.25,1.2612628688,-1.5,Y,50,1186593.81049951,6.0743020786,0.50576,0.42499,30,resid,resid,2.8035025409,2.5017442333,28,6.5416321375,0.5731440685,0.419,0.581,0.645,ground glean,insct/om,,0.49424,0.57501
204,5810,Song Sparrow,648,18.960611292,1.2778523349,0.9687472517,High,21.33,1.3289908554,-0.6,Y,1540,10286032.3368548,7.0122478853,0.59866,0.58544,1365,short,migrant,2.3237278632,2.2937313899,36,0.8293453961,0.6142054481,0.841,0.901,0.917,ground glean,insct/om,,0.40134,0.41456
205,5830,Lincoln's Sparrow,171,5.6452964146,0.7516867501,0.4749603795,Med,17,1.2304489214,1.4,Y,257,7537362.18669638,6.8772193846,0.49875,0.47626,200,neotrop,migrant,1.8059132,1.8059132,32,5.4727993642,1.0489726405,0.345,0.468,0.532,ground glean,insct/om,,0.50125,0.52374
206,5840,Swamp Sparrow,331,3.2420351829,0.5108177235,0.3248090462,Low,17,1.2304489214,1.5,B,329,6011541.26623594,6.7789858327,0.40978,0.4132,250,short,migrant,1.0465328278,1.0465328278,15,2.5213143362,0.2721458025,0.347,0.511,0.556,ground glean,insct/om,,0.59022,0.5868
207,5850,Fox Sparrow,160,8.8043889096,0.9446992181,0.5798998392,High,32,1.5051499783,0.4,B,188,7512424.13428269,6.8757800992,0.46143,0.44863,146,short,migrant,2.0950375644,2.0950375644,27,4.5059491309,0.8593048644,0.238,0.331,0.394,ground glean,insct/om,,0.53857,0.55137
209,5870,Eastern Towhee,487,9.7971774655,0.9911009749,0.6957095106,High,42,1.6232492904,-1.7,Y,924,3153320.25462188,6.4987680804,0.57022,0.55527,698,short,migrant,1.1044742231,1.1044742231,11,4.2988790091,1.2550193493,0.721,0.862,0.908,ground glean,insct/om,,0.42978,0.44473
210,5880,Spotted Towhee,196,10.853999936,1.0355898147,0.6803743656,High,42,1.6232492904,0.2,B,401,3541674.47824666,6.5492086419,0.50123,0.50626,302,short,migrant,2.602297678,2.5014047625,29,3.7195018266,1.0654158712,0.52,0.617,0.699,ground glean,insct/om,,0.49877,0.49374
211,5900,Green-tailed Towhee,109,8.8611217088,0.9474887017,0.5897630384,High,29,1.4623979979,-0.4,B,179,1735700.17463824,6.2394747072,0.48347,0.4937,130,neotrop,migrant,2.2598450338,2.2598450338,23,10.217043495,0.6185158896,0.422,0.514,0.56,ground glean,insct/om,,0.51653,0.5063
212,5910,Canyon Towhee,28,4.5593843006,0.6589061995,0.4283230943,Med,44,1.6434526765,-1.6,B,60,1640525.41506379,6.2149829629,0.46201,0.44472,41,resid,resid,2.3396854694,2.090578951,22,7.4753640035,0.405600321,0.679,0.75,0.786,ground glean,insct/om,,0.53799,0.55528
213,5911,California Towhee,26,13.933337302,1.1440551507,0.8196853465,High,53.75,1.7303784686,-0.4,B,53,392712.1554524,5.594074344,0.5458,0.54388,48,resid,resid,2.1782224141,2.0683615241,15,5.4835177845,0.1957627311,0.538,0.538,0.654,ground glean,insct/om,,0.4542,0.45612
214,5920,Abert's Towhee,11,4.2465838509,0.6280397039,0.4409763215,Low,46.25,1.6651117371,-0.1,B,12,170296.323885,5.2312052731,0.33325,0.33274,11,resid,resid,1.6876359741,1.6876359741,13,14.108166626,0.490976137,0.636,0.727,0.818,ground glean,insct/om,,0.66675,0.66726
215,5930,Northern Cardinal,543,27.65276305,1.4417385323,1.2265080785,High,47.25,1.6744018128,0.1,Y,1353,5835003.66214131,6.766041133,0.61382,0.6133,1203,resid,resid,2.3023598176,2.0005498629,28,3.3911560583,1.0680635389,0.899,0.926,0.936,ground glean,insct/om,,0.38618,0.3867
216,5940,Pyrrhuloxia,29,13.127704577,1.1181887949,0.609917681,High,35.5,1.5502283531,-2,B,51,1521619.2790239,6.1823060022,0.55574,0.48992,44,resid,resid,2.2567321255,2.0277078409,19,10.318747973,0.2257550989,0.414,0.621,0.655,ground glean,insct/om,,0.44426,0.51008
217,5950,Rose-breasted Grosbeak,383,3.7223357342,0.5708155415,0.3852417092,Low,46,1.6627578317,-0.8,Y,624,3766821.24624228,6.5759750113,0.52843,0.52983,422,neotrop,migrant,1.2101446635,1.2101446635,10,1.9477353446,0.283961607,0.574,0.749,0.796,foliage glean,insectivore,,0.47157,0.47017
218,5960,Black-headed Grosbeak,209,6.235867217,0.794896859,0.4913937138,Med,42.5,1.6283889301,0.7,Y,367,4520996.220144,6.6552341439,0.53117,0.51792,256,neotrop,migrant,2.6775612342,2.5228824714,31,4.4257235006,0.937194733,0.517,0.703,0.751,foliage glean,insectivore,,0.46883,0.48208
219,5970,Blue Grosbeak,298,5.3091096584,0.7250216957,0.4995520971,Med,28.5,1.45484486,1,Y,668,5299288.448266,6.7242175595,0.53842,0.53349,514,neotrop,migrant,2.7541863586,2.4842061468,32,3.2606804276,1.2427073742,0.681,0.826,0.846,ground glean,insectivore,,0.46158,0.46651
220,5980,Indigo Bunting,594,17.587752497,1.2452103454,0.9849925947,High,15,1.1760912591,-0.6,Y,1213,5859725.25562332,6.7678772538,0.62045,0.60225,1078,neotrop,migrant,1.9066256891,1.9066256891,27,2.2422783871,0.6164126213,0.793,0.85,0.869,ground glean,insct/om,,0.37955,0.39775
221,5990,Lazuli Bunting,166,4.2647559709,0.6298941859,0.3760729106,Med,15.5,1.1903316982,22.7,R,228,2819252.34734824,6.4501339507,0.45474,0.42779,140,neotrop,migrant,2.2498900981,2.2498900981,19,4.0823304413,0.9379417954,0.38,0.59,0.669,ground glean,insct/om,,0.54526,0.57221
223,6010,Painted Bunting,57,10.075479395,1.0032657192,0.6880808513,High,16,1.2041199827,-1.9,B,173,1412063.5780118,6.1498542512,0.63468,0.56951,152,neotrop,migrant,2.0705503639,2.0705503639,14,6.1254753912,0.2721048676,0.632,0.702,0.737,ground glean,insct/om,,0.36532,0.43049
224,6040,Dickcissel,270,22.157580371,1.3455223333,0.8479558024,High,29,1.4623979979,-0.9,Y,463,3458333.04134928,6.538866814,0.46882,0.44523,407,neotrop,migrant,1.2133318051,1.2133318051,12,1.6751679934,0.2379399581,0.47,0.63,0.7,ground glean,insct/om,,0.53118,0.55477
225,6050,Lark Bunting,67,57.455095833,1.7593285534,0.9865463519,High,38,1.5797835966,-1.4,B,150,1825935.611026,6.2614854587,0.46507,0.43976,132,neotrop,migrant,0.8513726417,0.8513726417,11,5.235452993,0.2235789165,0.388,0.537,0.612,ground glean,insct/om,,0.53493,0.56024
226,6070,Western Tanager,167,9.0089118774,0.9546723388,0.6520658959,High,28,1.4471580313,0.9,Y,426,3651808.31976071,6.5625079737,0.60739,0.5863,327,neotrop,migrant,2.4131490697,2.4131490697,27,5.3411235997,0.836442449,0.647,0.737,0.766,foliage glean,insectivore,,0.39261,0.4137
227,6080,Scarlet Tanager,409,3.7388406735,0.5727369586,0.3761127902,Med,29,1.4623979979,-0.2,Y,612,2601578.49756989,6.4152369344,0.55811,0.54749,455,neotrop,migrant,0.6457247495,0.6457247495,7,1.3950292612,0.1044764791,0.628,0.792,0.851,hover/glean,insectivore,,0.44189,0.45251
228,6090,Hepatic Tanager,18,2.4152080652,0.3829545503,0.2411381733,Low,38,1.5797835966,3.6,Y,18,1108858.13389458,6.0448759865,0.5541,0.49948,8,neotrop,migrant,2.9426258677,2.1269217107,21,9.0509216672,0.1046691466,0.278,0.389,0.389,foliage glean,insct/om,,0.4459,0.50052
229,6100,Summer Tanager,307,4.7859157509,0.6799650492,0.4842798772,Med,28,1.4471580313,0.4,B,503,3270936.41535,6.5146721018,0.57104,0.53779,367,neotrop,migrant,2.1752747695,2.1247147896,30,5.3974283908,0.6233516248,0.57,0.694,0.733,foliage glean,insectivore,,0.42896,0.46221
230,6110,Purple Martin,553,9.4530972208,0.9755741244,0.6518546957,High,49,1.69019608,0,Y,734,5719269.3730212,6.757340552,0.26936,0.24334,578,neotrop,migrant,2.0052626013,1.9687103255,36,3.86738481,1.5039064908,0.472,0.626,0.707,aerial foraging,insectivore,,0.73064,0.75666
231,6120,Cliff Swallow,614,33.782190939,1.5286878123,0.8827991692,High,22,1.3424226808,0.7,Y,880,11966860.0934481,7.0779802137,0.21772,0.20825,784,neotrop,migrant,2.7193936054,2.6195777406,42,0.8693493903,1.3861043379,0.419,0.622,0.705,aerial foraging,insectivore,,0.78228,0.79175
233,6130,Barn Swallow,794,15.244046185,1.1831002559,0.9333162597,High,17.5,1.2430380487,-0.9,Y,1967,12876428.6426762,7.1097954255,0.38613,0.3689,1734,neotrop,migrant,2.6323270453,2.5809628548,41,0.4153754327,1.3638781982,0.844,0.928,0.951,aerial foraging,insectivore,,0.61387,0.6311
234,6140,Tree Swallow,630,7.5878021005,0.8801159954,0.5947514264,Med,20,1.3010299957,0,Y,1108,11680110.249963,7.0674469422,0.34599,0.33392,912,short,migrant,2.1327684512,2.1327684512,32,1.0150303215,0.7519577936,0.597,0.776,0.819,aerial foraging,insectivore,,0.65401,0.66608
235,6150,Violet-green Swallow,229,9.9442386831,0.9975715398,0.6447484005,High,14,1.1461280357,1.1,B,351,6092544.6761553,6.7847987225,0.36666,0.33152,289,neotrop,migrant,3.0738819529,2.9692095805,36,4.0868976007,1.4543951183,0.424,0.594,0.677,aerial foraging,insectivore,,0.63334,0.66848
236,6160,Bank Swallow,522,9.47463067,0.9765622898,0.5537481204,High,15,1.1760912591,-0.6,B,276,10473732.2062519,7.0201014656,0.14278,0.15355,233,neotrop,migrant,2.02274314,2.02274314,35,1.2923701942,1.032134756,0.144,0.358,0.502,aerial foraging,insectivore,,0.85722,0.84645
237,6170,Northern Rough-winged Swallow,777,4.3832869832,0.6417999058,0.3769875149,Med,16,1.2041199827,-0.7,Y,713,9817129.3421379,6.9919845129,0.23888,0.23625,515,neotrop,migrant,2.7514402521,2.4775152025,37,0.1348010867,1.8697176613,0.349,0.638,0.752,aerial foraging,insectivore,,0.76112,0.76375
238,6180,Bohemian Waxwing,48,3.2870205026,0.516802413,0.30272368,Low,56,1.748188027,,,18,3988925.02139214,6.6008558731,0.37068,0.30106,18,short,migrant,1.6071000903,1.6071000903,16,11.25350234,0.5174979089,0.083,0.25,0.25,foliage glean,insct/om,,0.62932,0.69894
239,6190,Cedar Waxwing,536,8.8454440134,0.946719638,0.707311951,High,32.5,1.511883361,1.1,B,1061,7417234.17846383,6.8702419909,0.35702,0.32486,893,short,migrant,1.9258041301,1.9258041301,24,0.9925996128,0.4753842777,0.67,0.832,0.868,foliage glean,insct/om,,0.64298,0.67514
240,6200,Phainopepla,25,5.2114986359,0.7169626284,0.3415474544,Low,24,1.3802112417,-0.3,B,44,1251846.8323,6.0975511947,0.42116,0.36379,28,neotrop,migrant,2.3582262573,2.1380512663,25,10.622066002,0.6384050777,0.56,0.64,0.68,foliage glean,frugivore,,0.57884,0.63621
241,6210,Northern Shrike,22,1.375,0.1383026982,0.0501716659,,66,1.8195439355,,,,3525154.19765947,6.5471781187,,,,short,migrant,1.4035665546,1.4035665546,9,11.758393293,0.78350449,0,0.091,0.136,swoops,insectivore,,1,1
242,6220,Loggerhead Shrike,599,2.7946260221,0.4463236987,0.2805685658,Low,47,1.6720978579,-3.8,B,497,8856430.87712502,6.9472587374,0.46748,0.4556,278,short,migrant,2.6706245589,2.5173216609,37,2.0173367444,1.0533903095,0.237,0.381,0.467,swoops,insectivore,,0.53252,0.5444
243,6230,Black-whiskered Vireo,10,7.0590277778,0.8487448909,0.5887199406,Med,18,1.2552725051,,,6,270114.476213721,5.4315478599,0.45682,0.50339,4,neotrop,migrant,1.7251467304,0.7549197109,5,16.607628695,0.0618323963,0.1,0.1,0.1,foliage glean,insectivore,,0.54318,0.49661
244,6240,Red-eyed Vireo,673,16.038971709,1.2051765213,0.8117647173,High,15.5,1.1903316982,1.3,Y,1379,11769234.7774447,7.0707482264,0.58866,0.5744,1142,neotrop,migrant,1.8586681935,1.8586681935,26,1.2588076783,0.1954614543,0.724,0.819,0.866,hover/glean,insectivore,,0.41134,0.4256
245,6260,Philadelphia Vireo,83,2.9429870453,0.4687883504,0.2184320809,Low,12,1.079181246,2.5,B,59,2740030.09159076,6.4377553324,0.53437,0.57814,29,neotrop,migrant,1.3114724112,1.3114724112,9,4.4904939969,0.257853595,0.096,0.193,0.313,hover/glean,insectivore,,0.46563,0.42186
246,6270,Warbling Vireo,697,6.476860394,0.8113645361,0.5173022895,Med,15,1.1760912591,1.1,B,1109,9790512.56206592,6.990805429,0.54343,0.54075,824,neotrop,migrant,2.5222524617,2.4664203593,35,1.6874792202,2.6097997812,0.532,0.664,0.72,foliage glean,insectivore,,0.45657,0.45925
247,6280,Yellow-throated Vireo,461,2.1389300192,0.3301965757,0.2145709709,Low,18,1.2552725051,1.1,Y,513,3164624.55080813,6.500322193,0.53518,0.53485,280,neotrop,migrant,1.0722931882,1.0722931882,11,2.2990918882,0.9327916432,0.41,0.683,0.781,foliage glean,insectivore,,0.46482,0.46515
248,6290,Blue-headed Vireo,180,3.2448596084,0.5111959114,0.3031293631,Low,17,1.2304489214,4.9,Y,333,3317326.50532648,6.5207882187,0.5509,0.55165,213,neotrop,migrant,0.8964313447,0.8964313447,8,1.9592755584,0.2468963791,0.522,0.711,0.778,foliage glean,insectivore,,0.4491,0.44835
249,6291,Plumbeous Vireo,51,4.6915160304,0.6713132046,0.4567145462,Med,17,1.2304489214,-0.2,B,173,1294382.211221,6.1120625358,0.58932,0.55344,132,neotrop,migrant,2.6141285118,2.2472905276,18,5.7291876861,0.7494499493,0.373,0.451,0.529,foliage glean,insectivore,,0.41068,0.44656
250,6292,Cassin's Vireo,99,4.3166862147,0.6351504804,0.442000007,Med,17,1.2304489214,1.1,B,90,1412071.622731,6.1498567254,0.52635,0.51134,69,neotrop,migrant,2.5178068022,2.5178068022,20,8.2540166712,0.565566559,0.414,0.566,0.667,foliage glean,insectivore,,0.47365,0.48866
251,6300,Black-capped Vireo,11,3.2720238095,0.5148164552,0.3880976902,Low,9,0.9542425094,,,5,389882.860808521,5.5909341441,0.948413,0.49831,3,neotrop,migrant,1.5968338703,1.5968338703,9,8.3495222584,0.0578366092,0,0.091,0.182,foliage glean,insectivore,,0.051587,0.50169
252,6310,White-eyed Vireo,381,7.2089971633,0.8578748546,0.5765840013,Med,11,1.0413926852,0.3,B,640,3035092.47443389,6.4821719279,0.54197,0.54141,485,neotrop,migrant,1.6670178909,1.6175642473,16,6.5863769485,0.7029389894,0.601,0.724,0.782,foliage glean,insectivore,,0.45803,0.45859
253,6320,Hutton's Vireo,45,2.9123115079,0.4642378263,0.3453505882,Low,12,1.079181246,0.7,Y,81,1215937.92984365,6.084911406,0.5979,0.5626,48,resid,resid,2.9058397289,2.4571255577,26,6.8680728979,0.6158946144,0.311,0.489,0.556,foliage glean,insectivore,,0.4021,0.4374
254,6330,Bell's Vireo,142,4.0738375524,0.6100037072,0.281427979,Med,9,0.9542425094,-2.7,B,110,2636903.3901222,6.4210942186,0.46266,0.44624,73,neotrop,migrant,2.1337051871,2.0600964256,28,4.222669913,1.2916944375,0.169,0.324,0.437,foliage glean,insectivore,,0.53734,0.55376
255,6340,Gray Vireo,17,2.7452729045,0.4385855237,0.2297522706,Low,13,1.1139433523,0.5,Y,18,483111.700192602,5.6840475555,0.48157,0.49574,13,neotrop,migrant,2.2688168746,2.2688168746,24,8.9111994131,0.3562762421,0.176,0.294,0.294,foliage glean,insectivore,,0.51843,0.50426
256,6360,Black-and-white Warbler,400,3.6259097615,0.5594169916,0.3617085944,Low,11,1.0413926852,-0.4,B,543,5371649.07226428,6.7301076326,0.55149,0.55448,333,neotrop,migrant,1.2094001294,1.2094001294,11,1.6388534823,0.2242717725,0.435,0.62,0.683,bark glean,insectivore,,0.44851,0.44552
257,6370,Prothonotary Warbler,298,2.8016801756,0.4474185571,0.2391541305,Med,15.75,1.1972805581,-1.5,Y,182,2172594.99211077,6.3369787741,0.47085,0.37442,81,neotrop,migrant,1.2161450057,1.2161450057,9,6.3509948261,0.56520463,0.228,0.322,0.386,bark glean,insectivore,,0.52915,0.62558
258,6380,Swainson's Warbler,121,1.441760729,0.1588931919,0.0931534179,Low,19,1.278753601,8.6,Y,40,1143173.02635651,6.0581119685,0.50038,0.4598,13,neotrop,migrant,1.2274627273,1.2274627273,9,7.7106960715,0.4817994226,0.116,0.273,0.322,ground glean,insectivore,,0.49962,0.5402
259,6390,Worm-eating Warbler,284,1.9382000599,0.2873986027,0.1793631655,Low,13,1.1139433523,1.2,Y,176,1753886.22813,6.2440014179,0.45442,0.46999,60,neotrop,migrant,0.9692607574,0.9692607574,7,2.4832971779,0.3287341139,0.236,0.415,0.475,foliage glean,insectivore,,0.54558,0.53001
260,6410,Blue-winged Warbler,308,2.2139063702,0.3451592499,0.2120755242,Low,8,0.903089987,-0.7,Y,146,1782986.44093656,6.2511480405,0.46527,0.48229,63,neotrop,migrant,0.5579392375,0.5579392375,5,1.4855372951,0.084154811,0.211,0.373,0.461,foliage glean,insectivore,,0.53473,0.51771
261,6420,Golden-winged Warbler,252,1.8116533793,0.2580751084,0.1477509768,Low,9.5,0.9777236053,-2.5,Y,52,1392609.33262013,6.1438293013,0.54808,0.49475,30,neotrop,migrant,0.2447349452,0.2447349452,4,2.3587082528,0.370369676,0.075,0.159,0.254,foliage glean,insectivore,,0.45192,0.50525
262,6430,Lucy's Warbler,16,12.431495859,1.0945233896,0.6192827157,High,7,0.84509804,-0.3,B,20,391513.06044337,5.5927462542,0.45154,0.37534,14,short,migrant,2.0790688063,2.0177792422,17,11.87498859,0.1563189435,0.375,0.625,0.625,foliage glean,insectivore,,0.54846,0.62466
263,6440,Virginia's Warbler,21,4.5691246725,0.6598330083,0.4699218233,Med,8,0.903089987,-0.8,B,55,280847.57124104,5.4484706725,0.4606,0.46704,47,neotrop,migrant,2.054018444,2.054018444,17,8.9930927363,0.4221309967,0.333,0.429,0.476,ground glean,insectivore,,0.5394,0.53296
264,6450,Nashville Warbler,205,8.6052630747,0.9347641518,0.5514456015,High,9,0.9542425094,2.7,B,324,2764620.90789281,6.4416355881,0.54573,0.53642,251,neotrop,migrant,1.4777764169,1.4777764169,19,1.9824918514,0.2230126129,0.42,0.546,0.644,foliage glean,insectivore,,0.45427,0.46358
265,6460,Orange-crowned Warbler,181,8.2497370878,0.9164401082,0.5873008128,Med,9,0.9542425094,-1.3,B,330,7451933.47399965,6.8722689691,0.53501,0.52045,259,neotrop,migrant,2.1614801533,2.1614801533,31,3.5302839036,1.0508544303,0.431,0.53,0.58,foliage glean,insectivore,,0.46499,0.47955
266,6470,Tennessee Warbler,65,6.5804114399,0.8182530487,0.3884805922,High,10.25,1.0107238654,-0.3,Y,102,4757616.34599462,6.6773894176,0.38251,0.43241,55,neotrop,migrant,1.0682751972,1.0682751972,11,5.7749728417,0.7727530608,0.277,0.431,0.615,foliage glean,insectivore,,0.61749,0.56759
267,6480,Northern Parula,408,3.9315876673,0.5945679641,0.3580216965,Med,9,0.9542425094,0.8,B,553,3352709.9630524,6.525395985,0.4964,0.49032,384,neotrop,migrant,1.3011226078,1.3011226078,11,3.1920445137,1.1326003705,0.458,0.662,0.718,foliage glean,insectivore,,0.5036,0.50968
269,6500,Cape May Warbler,59,1.9858709273,0.2979510179,0.1683208673,Low,11,1.0413926852,0,Y,55,2565011.57338435,6.409089329,0.43719,0.53564,23,neotrop,migrant,0.7874224254,0.7874224254,7,3.98559056,0.261622086,0.119,0.254,0.475,foliage glean,insectivore,,0.56281,0.46436
271,6520,Yellow Warbler,704,7.9350426992,0.8995492681,0.5990127549,Med,11.5,1.0606978404,0.3,B,1327,14878009.7391728,7.1725448387,0.527,0.51309,998,neotrop,migrant,2.4990021468,2.4489408758,38,1.2607271964,1.0250628084,0.649,0.79,0.835,foliage glean,insectivore,,0.473,0.48691
272,6540,Black-throated Blue Warbler,136,2.7229325216,0.435036879,0.2795964596,Low,10.75,1.0314084643,1,Y,173,1145360.43705199,6.0589421777,0.50929,0.46143,99,neotrop,migrant,0.484876992,0.484876992,4,2.5552229001,0.1248306055,0.36,0.603,0.654,hover/glean,insectivore,,0.49071,0.53857
273,6550,Yellow-rumped Warbler,316,10.835601856,1.0348530389,0.7146425208,High,12.38,1.0927206447,0.4,B,374,9823384.73799527,6.9922611538,0.56809,0.56508,299,short,migrant,2.2041237025,2.2041237025,34,3.847653162,1.2504736266,0.573,0.671,0.712,foliage glean,insectivore,,0.43191,0.43492
274,6570,Magnolia Warbler,156,7.1032154341,0.8514549866,0.4802612381,Med,9.5,0.9777236053,1.6,B,261,3647918.04635345,6.562045073,0.53391,0.53371,216,neotrop,migrant,0.8997871326,0.8997871326,9,3.0735187488,0.1152556843,0.417,0.628,0.692,hover/glean,insectivore,,0.46609,0.46629
275,6580,Cerulean Warbler,256,2.1579929372,0.334050019,0.1765211958,Low,9.5,0.9777236053,-4.3,Y,73,1232869.7897619,6.0909172108,0.25105,0.41437,27,neotrop,migrant,0.4704377646,0.4704377646,5,1.7582477071,0.118575559,0.105,0.199,0.281,foliage glean,insectivore,,0.74895,0.58563
276,6590,Chestnut-sided Warbler,204,7.8127588722,0.8928044207,0.6081166298,Med,9.75,0.9890046157,-0.6,Y,410,2416050.67105454,6.3831060384,0.56727,0.56214,340,neotrop,migrant,0.9233725648,0.9233725648,5,2.5248555031,0.1645468794,0.681,0.809,0.863,foliage glean,insct/om,,0.43273,0.43786
277,6600,Bay-breasted Warbler,48,2.2705053043,0.3561225208,0.1805969058,Low,12.75,1.1055101848,-2.4,Y,50,2636135.63276897,6.4209677515,0.50121,0.43136,23,neotrop,migrant,0.6294285988,0.6294285988,6,3.6782400898,0.0852931093,0.104,0.375,0.458,foliage glean,insectivore,,0.49879,0.56864
278,6610,Blackpoll Warbler,45,5.9892835922,0.7773748774,0.3835416955,Med,13,1.1139433523,-2.7,Y,51,6319508.19057211,6.8006832811,0.48404,0.48439,47,neotrop,migrant,1.2559846542,1.2559846542,14,6.9363838364,0.9294273395,0.178,0.467,0.556,foliage glean,insectivore,,0.51596,0.51561
279,6620,Blackburnian Warbler,188,3.2236243923,0.5083444333,0.3149275743,Low,10,1,0.8,B,201,2021385.13536406,6.3056490677,0.54302,0.53343,144,neotrop,migrant,0.8131293732,0.8131293732,5,2.6980932168,0.1319366865,0.351,0.516,0.596,foliage glean,insct/om,,0.45698,0.46657
280,6630,Yellow-throated Warbler,269,2.5194825073,0.4013113474,0.237770232,Low,9,0.9542425094,0.9,Y,217,1929246.24405254,6.2853876634,0.54523,0.47711,117,neotrop,migrant,1.2227753234,1.2156964044,8,4.0407770612,0.5219367178,0.26,0.431,0.528,bark glean,insectivore,,0.45477,0.52289
281,6640,Grace's Warbler,27,6.3612528345,0.8035426574,0.6594225732,Med,8,0.903089987,-2.3,Y,23,1126277.13983825,6.0516452693,0.44552,0.42648,20,neotrop,migrant,2.9578196241,2.3025198985,16,8.2711542888,0.1074846389,0.185,0.185,0.185,foliage glean,insectivore,,0.55448,0.57352
282,6650,Black-throated Gray Warbler,113,4.8365022877,0.6845313975,0.4480395455,Med,8.5,0.9294189257,0.1,B,132,1792245.81694829,6.2533975754,0.49725,0.4846,89,neotrop,migrant,2.6621609961,2.6621609961,25,6.4304768416,1.0962165946,0.23,0.416,0.469,foliage glean,insectivore,,0.50275,0.5154
284,6670,Black-throated Green Warbler,230,4.7135367133,0.6733468941,0.4272319279,Med,9,0.9542425094,-1.8,B,358,3308313.21853179,6.5196066202,0.49223,0.48339,263,neotrop,migrant,0.7987414045,0.7987414045,7,2.2201581087,0.1691369731,0.526,0.661,0.704,foliage glean,insectivore,,0.50777,0.51661
285,6680,Townsend's Warbler,56,9.8494217687,0.9934107351,0.5834450678,High,9,0.9542425094,0.5,Y,113,1400111.65690632,6.1461626714,0.46946,0.45053,94,neotrop,migrant,2.2089997052,2.2089997052,16,5.9815423934,1.1361303457,0.5,0.589,0.768,foliage glean,insectivore,,0.53054,0.54947
286,6690,Hermit Warbler,37,12.504661072,1.0970719251,0.7900451275,High,9.75,0.9890046157,0,B,74,335122.8884751,5.5252040906,0.48902,0.4788,54,neotrop,migrant,2.0552252494,2.0552252494,15,10.206225858,0.463110722,0.27,0.432,0.486,foliage glean,insectivore,,0.51098,0.5212
287,6710,Pine Warbler,293,7.066176895,0.8491845054,0.5608318634,Med,12,1.079181246,0.9,B,568,2377227.8712643,6.3760708134,0.5086,0.50874,392,short,migrant,1.1062639207,0.8361484659,11,5.3736914826,1.0108894598,0.597,0.703,0.73,bark glean,insct/om,,0.4914,0.49126
288,6720,Palm Warbler,46,2.5531117963,0.4070698322,0.2317320995,Low,10,1,3.8,Y,41,3364313.15705409,6.526896414,0.35094,0.34111,15,neotrop,migrant,0.561695056,0.561695056,6,3.5217970913,0.2816222664,0.087,0.261,0.348,ground glean,insectivore,,0.64906,0.65889
289,6730,Prairie Warbler,261,3.359077655,0.526220044,0.3241952833,Low,8.25,0.9164539485,-2.1,Y,358,1565554.09496118,6.1946680785,0.44186,0.42826,190,neotrop,migrant,0.8966333838,0.8966333838,9,3.8740697861,0.5914726239,0.444,0.678,0.755,foliage glean,insectivore,,0.55814,0.57174
290,6740,Ovenbird,456,12.494369233,1.096714336,0.7462269623,High,19,1.278753601,0.5,Y,823,5209025.23013748,6.716756461,0.53003,0.50152,660,neotrop,migrant,1.2207018613,1.2207018613,12,1.6720513042,0.3287864284,0.632,0.715,0.739,ground glean,insectivore,,0.46997,0.49848
291,6750,Northern Waterthrush,236,4.0601493332,0.6085420073,0.3195220947,Med,18,1.2552725051,-0.1,B,268,7570213.82474199,6.8791081466,0.44528,0.44798,165,neotrop,migrant,1.5312567753,1.5312567753,17,4.6557784971,0.9738201096,0.301,0.458,0.538,ground glean,insectivore,,0.55472,0.55202
292,6760,Louisiana Waterthrush,376,1.4827419042,0.1710655615,0.1135161888,Low,21,1.3222192947,0.8,Y,195,2410309.70839924,6.38207285,0.52559,0.46841,77,neotrop,migrant,0.9453835008,0.9453835008,8,2.3070895239,0.3836095168,0.178,0.396,0.516,ground glean,insectivore,,0.47441,0.53159
293,6770,Kentucky Warbler,293,2.6609926104,0.4250436685,0.2630114233,Low,14,1.1461280357,-1,B,294,1969699.20171346,6.2943999089,0.52966,0.50585,183,neotrop,migrant,1.0354792095,1.0354792095,8,3.7822289388,0.5496504148,0.382,0.577,0.696,ground glean,insectivore,,0.47034,0.49415
294,6780,Connecticut Warbler,36,2.7532082324,0.4398390595,0.295635379,Low,15,1.1760912591,-1.3,Y,35,1178594.84950067,6.0713645389,0.27508,0.40523,20,neotrop,migrant,0.9954261302,0.9954261302,5,5.9346157859,0.1647658487,0.056,0.278,0.389,ground glean,insectivore,,0.72492,0.59477
295,6790,Mourning Warbler,161,4.3952628538,0.6429848527,0.3686317483,Low,12.75,1.1055101848,-1.2,Y,219,2700805.28295476,6.4314932745,0.51421,0.52131,158,neotrop,migrant,0.9159532382,0.9159532382,6,3.457304594,0.1551931162,0.404,0.621,0.696,foliage glean,insectivore,,0.48579,0.47869
296,6800,MacGillivray's Warbler,150,6.2640753391,0.7968569724,0.5005285416,Med,10,1,-0.5,B,261,2631642.57750732,6.4202269043,0.57465,0.53432,193,neotrop,migrant,2.5858785503,2.5858785503,30,6.0426077902,0.6914740006,0.4,0.493,0.54,foliage glean,insectivore,,0.42535,0.46568
297,6810,Common Yellowthroat,715,11.176575877,1.0483087709,0.7938839635,High,10.58,1.0244856677,-0.4,Y,1711,11282148.9491467,7.0523918291,0.57776,0.55984,1435,neotrop,migrant,2.3582876764,2.2950882699,39,0.8636925689,0.4912521223,0.808,0.898,0.926,foliage glean,insectivore,,0.42224,0.44016
298,6830,Yellow-breasted Chat,515,7.7662561897,0.8902117128,0.5435344407,Med,26.5,1.4232458739,0,Y,701,6148136.4836502,6.7887434999,0.50533,0.49667,522,neotrop,migrant,2.4969492345,2.4494683974,34,3.8771169665,1.5144394843,0.456,0.604,0.682,foliage glean,insct/om,,0.49467,0.50333
299,6840,Hooded Warbler,335,3.7436250094,0.5732923399,0.3581034602,Med,10.75,1.0314084643,0.7,B,364,2007056.57165717,6.3025596138,0.47438,0.45617,226,neotrop,migrant,1.0476949011,1.0476949011,9,4.4571315986,0.9468440369,0.4,0.558,0.603,foliage glean,insectivore,,0.52562,0.54383
300,6850,Wilson's Warbler,128,6.5194289991,0.8142095599,0.4275970762,Med,7.5,0.8750612634,-1.6,B,268,7924272.24363272,6.8989593876,0.50435,0.50872,185,neotrop,migrant,1.793975974,1.793975974,27,4.077465074,0.867443808,0.422,0.664,0.758,foliage glean,insectivore,,0.49565,0.49128
301,6860,Canada Warbler,159,2.0567304019,0.3131773677,0.1853619887,Low,11,1.0413926852,-2,Y,120,2759370.51970875,6.4408100201,0.45989,0.45648,53,neotrop,migrant,0.8010890831,0.8010890831,5,2.5864359156,0.1607407762,0.245,0.478,0.604,hover/glean,insectivore,,0.54011,0.54352
302,6870,American Redstart,511,6.0171983472,0.7793943275,0.4696401101,Med,9,0.9542425094,-0.6,Y,629,6658042.05397616,6.8233465339,0.49879,0.48681,453,neotrop,migrant,1.7399580175,1.7399580175,23,1.7715544331,0.3464768639,0.427,0.554,0.62,hover/glean,insectivore,,0.50121,0.51319
303,6880,Painted Redstart,17,3.0994949495,0.491290933,0.3967460362,Low,8,0.903089987,,,6,1126860.3394467,6.0518700939,0.08383,0.32409,3,neotrop,migrant,2.8054782748,2.0343128189,17,7.7248780641,0.0383928555,0.176,0.176,0.176,foliage glean,insectivore,,0.91617,0.67591
304,6882,House Sparrow,811,31.225036438,1.4945029538,1.0599562324,High,27.75,1.4432629875,-2.6,Y,1650,23324193.0021944,7.3678066264,0.34349,0.32583,1498,resid,resid,2.9146613233,2.6036475994,39,0.4574691424,0.63021288,0.734,0.82,0.859,ground glean,insct/om,,0.65651,0.67417
305,6883,Eurasian Tree Sparrow,12,2.6797031158,0.4280866812,0.3094474415,Low,22,1.3424226808,4.7,Y,16,43476.8321943,4.638257893,0.1111,0.22949,12,resid,resid,0.6018475953,0.6018475953,2,2.0025068364,0.0020594155,0.5,0.75,0.917,ground glean,insct/om,,0.8889,0.77051
306,6900,Red-faced Warbler,12,6.6575757576,0.823316117,0.5481342319,High,10,1,,,5,393792.1618817,5.5952670676,0.29609,0.31564,4,neotrop,migrant,2.0216672499,1.9054018106,10,8.3771507001,0.1073627235,0.25,0.333,0.333,foliage glean,insectivore,,0.70391,0.68436
308,6970,American Pipit,58,3.8422839506,0.5845894567,0.2942394747,Med,21.5,1.3324384599,,,5,5430764.96142018,6.7348610073,0.30769,0.27745,2,neotrop,migrant,1.922995688,1.922995688,33,9.8477763151,0.6321225358,0.017,0.017,0.034,ground glean,insectivore,,0.69231,0.72255
309,7000,Sprague's Pipit,41,6.1742539683,0.7905844895,0.3687882274,Med,25,1.3979400087,-4.4,B,49,1157705.88976258,6.0635982427,0.45353,0.42609,30,short,migrant,0.6852160848,0.6852160848,7,6.2464370404,0.0913619361,0.244,0.293,0.439,ground glean,insectivore,,0.54647,0.57391
310,7020,Sage Thrasher,117,14.76357192,1.169191444,0.7518842441,High,43.5,1.638489257,-0.8,B,151,1752305.83710908,6.2436099076,0.56155,0.53738,124,short,migrant,2.0224437334,2.0224437334,15,10.252275106,0.2820040669,0.41,0.53,0.573,ground glean,insectivore,,0.43845,0.46262
311,7030,Northern Mockingbird,779,20.602660861,1.3139233137,0.9255577984,High,49,1.69019608,-0.6,Y,1194,10141030.4167064,7.0060820853,0.59681,0.5818,1022,resid,resid,2.7996105592,2.5977440494,38,3.5585747253,1.1699808255,0.528,0.597,0.646,ground glean,insectivore,,0.40319,0.4182
312,7040,Gray Catbird,636,6.7035873312,0.8263072715,0.5316693103,Med,37,1.5682017241,-0.1,Y,1163,6814322.31784635,6.8334226719,0.5325,0.53829,870,neotrop,migrant,1.7730970002,1.7730970002,23,1.0206540697,0.3125784206,0.682,0.84,0.874,ground glean,insct/om,,0.4675,0.46171
313,7050,Brown Thrasher,589,4.0417851191,0.6065732206,0.4425352021,Low,69,1.8388490907,-1.2,Y,1131,5671033.56088316,6.7536622174,0.55522,0.53818,818,short,migrant,1.373960302,1.373960302,18,1.5660057817,1.1972867718,0.716,0.878,0.925,ground glean,omnivore,,0.44478,0.46182
315,7070,Curve-billed Thrasher,33,4.1524170274,0.6183009632,0.27274648,Low,79,1.8976270913,-1.2,Y,59,2015441.78999,6.3043702594,0.53679,0.5158,38,short,migrant,2.4716939458,2.1028705361,19,9.3674586808,0.4907217784,0.455,0.727,0.879,ground glean,insectivore,,0.46321,0.4842
316,7080,Bendire's Thrasher,27,1.8989390994,0.2785110368,0.1847776724,Low,62,1.7923916895,-5.3,Y,11,774979.724695,5.8892903405,0.33527,0.33856,5,short,migrant,2.3567730131,2.2187762675,16,12.36917548,0.2592415317,0.111,0.37,0.407,ground glean,insectivore,,0.66473,0.66144
317,7100,California Thrasher,16,3.5654351396,0.5521125404,0.2952641173,Low,84,1.9242792861,-1.9,B,25,167310.34851811,5.2235228039,0.46854,0.51337,18,resid,resid,1.8820908406,1.8820908406,13,5.4401867678,0.1987912419,0.438,0.438,0.5,ground glean,insectivore,,0.53146,0.48663
319,7120,Crissal Thrasher,22,1.720026455,0.2355351267,0.1256949823,Low,63,1.7993405495,1.2,Y,15,1011858.88758,6.0051199506,0.16155,0.29032,5,resid,resid,1.8140096702,1.7059211039,20,12.693916649,0.3999664671,0.273,0.591,0.864,ground glean,insectivore,,0.83845,0.70968
320,7130,Cactus Wren,36,12.689303254,1.1034377764,0.6828860069,High,39,1.591064607,-2.6,B,86,1849178.7006736,6.2669788825,0.55181,0.5394,69,resid,resid,2.4024561878,2.1974697506,26,11.454924156,0.4418056072,0.722,0.806,0.833,ground glean,insectivore,,0.44819,0.4606
321,7150,Rock Wren,208,4.4258463101,0.6459963287,0.3619319507,Med,17,1.2304489214,-1.9,Y,246,5421941.67507534,6.7341548415,0.45733,0.43999,195,short,migrant,2.8910131298,2.6599284612,34,8.120001094,0.7525051202,0.327,0.548,0.649,ground glean,insectivore,,0.54267,0.56001
322,7170,Canyon Wren,165,1.7034472934,0.2313287006,0.1345536444,Low,13,1.1139433523,-2.8,Y,63,4298692.70167597,6.6333364001,0.40249,0.3943,25,resid,resid,2.9803527286,2.7402513796,31,5.9688991108,0.9113101307,0.115,0.224,0.261,ground glean,insectivore,,0.59751,0.6057
323,7180,Carolina Wren,405,13.30076938,1.1238767634,0.8335751153,High,19,1.278753601,0.9,Y,888,3218028.63323471,6.507589904,0.65138,0.62697,725,resid,resid,1.7283984949,1.5372576857,16,5.4882749521,0.7523590574,0.807,0.899,0.923,ground glean,insectivore,,0.34862,0.37303
324,7190,Bewick's Wren,140,6.9300560224,0.8407367455,0.4913148,Med,10,1,-0.2,Y,271,3303112.78628532,6.5189234031,0.52104,0.49565,194,short,migrant,2.9749778793,2.8782742569,34,3.4110400571,0.8871212552,0.421,0.607,0.664,ground glean,insectivore,,0.47896,0.50435
325,7210,House Wren,612,8.7152603216,0.9402803639,0.6549905924,Med,10.5,1.0211892991,0.5,Y,1240,25185817.4590162,7.4011560514,0.54231,0.53662,979,neotrop,migrant,2.6276230356,2.2338383492,36,0.6940322402,1.3069811068,0.714,0.845,0.886,ground glean,insectivore,,0.45769,0.46338
326,7220,Winter Wren,280,7.9080157814,0.8980675273,0.483604147,Med,10,1,2.2,Y,377,5143776.48600069,6.7112820888,0.53256,0.5165,292,short,migrant,1.8994923384,1.8994923384,25,4.7361385342,1.922129381,0.414,0.55,0.589,ground glean,insectivore,,0.46744,0.4835
327,7240,Sedge Wren,162,4.6582844354,0.6682260031,0.3734692073,Med,9,0.9542425094,1.9,Y,150,6594398.88755371,6.8191752136,0.35175,0.34195,125,short,migrant,1.3235528902,1.0062925799,9,3.9982570991,0.3170937603,0.272,0.506,0.599,ground glean,insectivore,,0.64825,0.65805
328,7250,Marsh Wren,465,4.683241386,0.670546543,0.3677301634,Med,11.75,1.0700378666,3.3,Y,158,4845111.70022119,6.6853037938,0.21,0.19659,97,short,migrant,2.1384586149,2.1175625326,31,1.2590248105,2.0461738463,0.08,0.159,0.194,ground glean,insectivore,,0.79,0.80341
329,7260,Brown Creeper,373,1.9503209529,0.2901060865,0.1757963232,Low,8,0.903089987,0.4,Y,220,6530049.90897158,6.8149165006,0.50848,0.52365,106,short,migrant,2.7336355424,2.5500698102,36,2.3310200792,1.3297972462,0.172,0.346,0.399,bark glean,insectivore,,0.49152,0.47635
330,7270,White-breasted Nuthatch,721,3.00705396,0.4781412214,0.3205112444,Low,21,1.3222192947,2,Y,931,8608157.33832802,6.9349101964,0.49428,0.48527,620,resid,resid,2.5381669216,2.4499914081,37,0.2988415787,1.1573981361,0.479,0.675,0.717,bark glean,insectivore,,0.50572,0.51473
331,7280,Red-breasted Nuthatch,354,4.9318214536,0.6930073455,0.4264071811,Med,10,1,1.5,B,556,7122201.56989978,6.8526142608,0.55813,0.5188,424,short,migrant,2.2287496207,2.2287496207,33,2.7840741694,1.1597226522,0.41,0.59,0.658,bark glean,insectivore,,0.44187,0.4812
332,7290,Brown-headed Nuthatch,110,3.2057644761,0.5059316121,0.3759966653,Med,10,1,-1.4,B,158,941956.431667475,5.9740308158,0.31495,0.29116,91,resid,resid,1.127825929,1.1220975745,7,7.710200272,0.2343539913,0.436,0.673,0.718,bark glean,insectivore,,0.68505,0.70884
333,7300,Pygmy Nuthatch,115,5.4132747543,0.7334600706,0.4788361624,Med,11,1.0413926852,0.4,B,61,1953051.20750568,6.2907136303,0.35353,0.31894,47,resid,resid,2.8255786531,2.694099542,27,6.2924577916,0.8144901284,0.104,0.174,0.226,bark glean,insectivore,,0.64647,0.68106
334,7310,Tufted Titmouse,439,11.762436161,1.0704972794,0.8940530711,High,22,1.3424226808,0.9,Y,1069,2968700.56118939,6.4725663946,0.57494,0.574,858,resid,resid,1.1813549058,1.1813549058,10,2.9712412182,0.7531092018,0.904,0.936,0.948,foliage glean,insectivore,,0.42506,0.426
335,7330,Oak Titmouse,13,12.679088858,1.1030880455,0.637505003,High,18.25,1.2612628688,-1.4,B,56,173893.866403651,5.2402842638,0.51878,0.5553,39,resid,resid,1.967908051,1.967908051,12,5.377123992,0.2965721449,0.615,0.692,0.846,foliage glean,insectivore,,0.48122,0.4447
336,7331,Juniper Titmouse,53,2.9485416667,0.4696072693,0.2869958029,Low,18.25,1.2612628688,0.7,Y,39,1060619.91515315,6.0255597776,0.46255,0.39413,26,resid,resid,2.0973605898,2.076794383,17,9.2118657547,0.2191870916,0.17,0.321,0.377,foliage glean,insct/om,,0.53745,0.60587
338,7350,Black-capped Chickadee,495,7.4331375171,0.8711721676,0.6217920593,Med,11,1.0413926852,1.3,B,954,8791416.62807666,6.9440588619,0.51641,0.48288,757,resid,resid,2.0224958832,2.0224958832,22,1.2465850506,0.4682752898,0.659,0.772,0.816,foliage glean,insectivore,,0.48359,0.51712
339,7360,Carolina Chickadee,255,8.6596275342,0.9374992127,0.7557206207,Med,11,1.0413926852,-0.7,B,712,2238037.31931,6.3498673241,0.50295,0.48685,567,resid,resid,1.4441624571,1.4441624571,10,4.147259975,0.5479170327,0.867,0.922,0.929,foliage glean,insectivore,,0.49705,0.51315
340,7380,Mountain Chickadee,139,9.5407340006,0.9795817877,0.635587965,High,11.75,1.0700378666,-0.8,B,243,2690488.5664786,6.4298311508,0.55393,0.51792,205,resid,resid,2.502088413,2.502088413,27,7.3386663861,0.6609399157,0.417,0.496,0.547,foliage glean,insectivore,,0.44607,0.48208
342,7400,Boreal Chickadee,84,2.2542662474,0.3530052085,0.2208191071,Low,10,1,-3.2,Y,84,7068758.0775829,6.8493431185,0.43443,0.4273,54,resid,resid,1.343468619,1.343468619,18,4.7984562717,0.9971447923,0.226,0.429,0.512,foliage glean,insectivore,,0.56557,0.5727
343,7410,Chestnut-backed Chickadee,64,9.5683164129,0.9808355285,0.7463018299,High,10,1,-0.6,B,110,955053.926647792,5.9800278945,0.50744,0.46933,99,resid,resid,2.3639014548,2.3639014548,18,8.3453667425,1.2813001371,0.422,0.516,0.531,foliage glean,insectivore,,0.49256,0.53067
344,7420,Wrentit,22,11.715784127,1.0687713608,0.6695712499,High,15,1.1760912591,-1.1,B,75,262112.566179,5.4184878424,0.51374,0.4947,51,resid,resid,2.057049264,2.057049264,12,6.1923018203,0.3686057554,0.5,0.591,0.636,foliage glean,insectivore,,0.48626,0.5053
345,7430,Bushtit,93,6.3152406554,0.8003899049,0.5901978695,Med,5,0.6989700043,-1.7,B,124,2161654.24090205,6.3347862293,0.27932,0.28818,92,resid,resid,3.0576570423,2.8132915992,30,3.8871482714,0.6833035541,0.258,0.419,0.505,foliage glean,insectivore,,0.72068,0.71182
346,7460,Verdin,33,8.7039623751,0.939717005,0.5923630049,High,7,0.84509804,-4.9,B,61,1756208.58947352,6.2445760969,0.5462,0.55468,51,resid,resid,2.3305783097,2.1572525763,25,11.463361148,0.5073643692,0.697,0.727,0.727,foliage glean,insectivore,,0.4538,0.44532
348,7480,Golden-crowned Kinglet,307,4.6725429511,0.6695533022,0.4386475325,Med,6.25,0.7958800173,-1.2,Y,323,6254316.05324568,6.7961798239,0.48853,0.46185,191,short,migrant,2.2410032708,2.1964199784,31,3.95215592,1.3278402085,0.261,0.41,0.463,foliage glean,insectivore,,0.51147,0.53815
349,7490,Ruby-crowned Kinglet,249,9.125499381,0.96025664,0.6214500626,High,7,0.84509804,-0.8,Y,396,9226215.72580018,6.965023605,0.53376,0.53474,293,short,migrant,2.0682462412,2.0682462412,33,4.6521193728,1.4485925102,0.329,0.41,0.454,foliage glean,insectivore,,0.46624,0.46526
350,7510,Blue-gray Gnatcatcher,542,5.2311737623,0.7185991461,0.4822373141,Med,6,0.7781512504,0.7,B,822,6585143.84261799,6.8185652659,0.50647,0.47324,598,neotrop,migrant,2.8396892202,2.505388176,35,2.5513980601,1.8165678588,0.485,0.668,0.751,foliage glean,insectivore,,0.49353,0.52676
351,7520,Black-tailed Gnatcatcher,20,7.0113354037,0.8458007431,0.4765232218,Med,5,0.6989700043,-2.8,B,32,1108857.96583,6.0448759207,0.56973,0.57528,21,resid,resid,2.0104871423,1.9404234095,18,13.411496995,0.4760561178,0.45,0.6,0.65,foliage glean,insectivore,,0.43027,0.42472
352,7540,Townsend's Solitaire,136,2.3781846749,0.3762455762,0.2428004946,Low,34,1.531478917,-1,Y,148,3566417.68449492,6.5522322046,0.51686,0.49659,95,short,migrant,2.7163422125,2.7072752851,29,6.44681637,0.8225906425,0.184,0.324,0.434,hawks,insectivore,,0.48314,0.50341
353,7550,Wood Thrush,490,7.473629037,0.8735315373,0.6368536092,Med,47,1.6720978579,-1.8,Y,939,3490882.81854575,6.5429352707,0.46975,0.46767,724,neotrop,migrant,1.0201159013,1.0201159013,10,1.8952391643,0.4294503698,0.761,0.892,0.922,ground glean,insectivore,,0.53025,0.53233
354,7560,Veery,317,7.7447137602,0.8890053711,0.5842352816,Med,31,1.4913616938,-1.4,Y,491,3672078.98937971,6.5649120147,0.43331,0.43494,411,neotrop,migrant,1.775821875,1.775821875,17,2.1440915344,0.2897051731,0.539,0.662,0.713,ground glean,insectivore,,0.56669,0.56506
355,7570,Gray-cheeked Thrush,21,9.0344845631,0.9559033802,0.53246145,High,33,1.5185139399,,,41,4139423.6627397,6.616939878,0.4398,0.43331,29,neotrop,migrant,1.2679962533,1.2679962533,7,11.409700534,0.5207417792,0.381,0.714,0.905,ground glean,insectivore,,0.5602,0.56669
356,7571,Bicknell's Thrush,12,1.6666666667,0.2218487496,0.1443661467,Low,33,1.5185139399,,,1,133586.590436964,5.1257628654,,,0,neotrop,migrant,0.8504361693,0.8504361693,4,5.1648507253,0.0119275124,0,0,0,ground glean,insectivore,,1,1
357,7580,Swainson's Thrush,193,18.60565633,1.2696449947,0.8355163249,High,31,1.4913616938,-0.5,Y,458,7531884.76761219,6.876903667,0.529,0.508,370,neotrop,migrant,1.8956756355,1.8956756355,29,3.8391991707,0.5845318019,0.544,0.648,0.684,foliage glean,insectivore,,0.471,0.492
358,7590,Hermit Thrush,350,9.1137964995,0.9596993271,0.6204042928,High,31,1.4913616938,1.3,B,597,8355210.34001956,6.9219573876,0.47361,0.46213,518,short,migrant,2.2257886257,2.2257886257,34,2.4625272322,0.7125708887,0.483,0.626,0.657,ground glean,insectivore,,0.52639,0.53787
359,7610,American Robin,793,37.11890607,1.5695951687,1.3118204216,High,77,1.8864907252,0.6,B,2199,16414385.7222215,7.2152246347,0.59204,0.58533,1978,short,migrant,2.5349902411,2.4769550756,42,0.3822603587,0.6665844201,0.908,0.937,0.945,ground glean,insct/om,,0.40796,0.41467
360,7630,Varied Thrush,91,13.413823815,1.1275525978,0.7261826609,High,78,1.8920946027,-0.4,Y,157,3299829.44861275,6.518491494,0.4313,0.4164,123,short,migrant,2.2192459571,2.2192459571,22,7.1884586653,1.2245498128,0.396,0.571,0.648,ground glean,insct/om,,0.5687,0.5836
362,7650,Northern Wheatear,21,1.6166666667,0.2086204839,0.1817803137,,25.5,1.4065401804,,,,2265093.78191109,6.3550861879,,,,neotrop,migrant,1.5466658909,1.5466658909,8,21.557021122,0.2688661213,0,0.048,0.048,ground glean,insectivore,,1,1
363,7660,Eastern Bluebird,529,6.3295714204,0.8013743046,0.5965958514,Med,32,1.5051499783,2.4,Y,1173,5456647.80046201,6.7369259231,0.45128,0.44572,902,short,migrant,1.9158042308,1.6221546989,19,2.3916248073,0.8800247101,0.828,0.932,0.958,hawks,insectivore,,0.54872,0.55428
364,7670,Western Bluebird,92,4.3970819432,0.6431645591,0.4219164213,Med,28,1.4471580313,-0.8,B,119,1779753.52244513,6.2503598612,0.38366,0.34477,99,short,migrant,2.8856434718,2.7627832138,29,4.6245175001,0.7621823295,0.272,0.37,0.435,hawks,insectivore,,0.61634,0.65523
365,7680,Mountain Bluebird,185,5.1354673583,0.7105799731,0.466948927,Med,30,1.4771212547,1.6,B,269,4363202.58138923,6.6398053775,0.46871,0.41847,218,short,migrant,2.3278757677,2.3278757677,27,7.3749834508,0.8753777557,0.362,0.541,0.649,swoops,insectivore,,0.53129,0.58153
366,22860,Eurasian Collared-Dove,61,6.601706137,0.8196561886,0.4959052652,Med,148.25,2.170994702,35.7,R,134,463505.980401144,5.666055342,0.28582,0.25673,145,resid,resid,1.2777509061,1.0926403639,14,10.8854147,0.4419919067,0.59,0.738,0.738,ground glean,granivore,,0.71418,0.74327
